﻿交易所,代码,公司,行业,港股通持仓金额 2019-09-16 亿,市值 2019-09-16 亿,港股通持仓金额 2018-12-28 亿,市值 2018-12-28 亿,今年以来投资收益率 % (最近时间),股息率 % (最近时间)
sh,600519,贵州茅台,饮料,1116.96,13805.61,595.03,7411.69,88.16,1.33
sh,601318,中国平安,保险,700.58,16699,401,10255.22,63.25,2.76
sz,000333,美的集团,家用电器,550.19,3716.9,330.16,2455.99,47.59,2.34
sz,000651,格力电器,家用电器,414.25,3545.07,175.1,2147.01,68.38,3.65
sh,600276,恒瑞医药,化学制剂,406.46,3527.64,219.11,1942.3,80.43,0.23
sz,000858,五粮液,饮料,380.33,5081.8,172.49,1974.96,163.02,1.29
sh,600036,招商银行,银行,331.11,8826.95,170.66,6355.4,41.74,2.7
sh,600900,长江电力,电力公用事业,235.39,4180,180.2,3493.6,21.1,3.67
sh,601888,中国国旅,酒店餐饮与休闲,228.38,1810.92,142.6,1175.39,53.88,0.6
sh,600009,上海机场,交通基本设施,215.15,1595.52,160.59,978.12,62.89,0.8
sh,600585,海螺水泥,建筑材料,211.18,2237.9,107.15,1551.64,47.94,4.07
sh,600887,伊利股份,食品,207.65,1787.68,206.91,1390.68,29.42,2.41
sz,002415,海康威视,电子设备及服务,205.02,3225.04,209.99,2376.94,33.68,1.79
sh,603288,海天味业,食品,180.24,2997.41,93.54,1857.85,59.4,0.9
sz,000001,平安银行,银行,171.2,2481.22,39.73,1610.58,53.47,1.02
sh,600690,海尔智家,家用电器,119.93,1008.13,69.21,882.03,14.65,2.26
sz,002304,洋河股份,饮料,115.29,1572.39,92.2,1427.42,13.1,3.07
sz,000002,万科Ａ,住宅地产开发和管理,112.78,3075.31,53.37,2629.53,17.12,3.9
sh,601901,方正证券,证券,105.12,599.3,70.78,437.12,34.43,0.37
sh,600031,三一重工,专用设备,102.5,1220.36,41.06,650.58,75.07,1.82
sh,600104,上汽集团,汽车,90.3,2922.03,85.71,3115.98,-2.62,5.1
sh,601166,兴业银行,银行,85.55,3710.27,58.74,3103.66,21.98,3.93
sz,300015,爱尔眼科,医疗保健提供商与服务,80.08,1058.52,31.78,626.83,67.44,0.46
sh,601006,大秦铁路,陆运,62.7,1156.64,52.6,1223.54,-1.14,6.24
sz,000538,云南白药,中药,62.67,989.22,56.71,770.22,6.59,2.12
sh,601012,隆基股份,半导体,61.2,1021.92,15.17,486.71,91.13,0.36
sz,002027,分众传媒,传媒,59,814.62,35.51,769.12,6.64,1.82
sz,300347,泰格医药,医疗保健提供商与服务,56.93,450.14,15.41,213.83,111.63,0.39
sh,601398,工商银行,银行,56.92,19851.83,45.23,18853.89,8.75,4.55
sh,600406,国电南瑞,重型电气设备,55.83,923.96,28.05,849.35,7.42,1.9
sz,002475,立讯精密,电子元器件,55.81,1390.74,14.65,578.52,141.65,0.15
sh,600000,浦发银行,银行,53.73,3501.7,36.31,2876.5,24.23,2.96
sz,300498,温氏股份,农牧渔产品,50.8,2042.51,6.86,1391.16,48.12,2.09
sz,000338,潍柴动力,通用机械,49.67,957.62,25.59,615.79,56.44,3.65
sz,002714,牧原股份,农牧渔产品,47.05,1556.57,6.73,599.5,151.68,0.07
sh,600741,华域汽车,汽车零配件与设备,45.81,817.19,31.19,580.1,44.03,4.16
sh,601668,中国建筑,建筑与工程,44.24,2422.32,32.27,2393.15,2.54,2.96
sz,300012,华测检测,商业用品与服务,43.85,211,10.8,108.57,90.19,0.28
sh,600048,保利地产,住宅地产开发和管理,43.48,1721.39,23.82,1402.42,27.83,3.45
sh,600660,福耀玻璃,汽车零配件与设备,43.1,576.98,64.3,571.46,2.08,5.11
sh,603259,药明康德,生物科技,39.91,1326.32,0.41,871.93,51.75,0.52
sh,600066,宇通客车,汽车,39.48,331.21,34.28,262.35,27.39,3.44
sz,300760,迈瑞医疗,医疗保健设备与用品,39.48,2211.34,0.53,1327.78,67.76,0.55
sh,600050,中国联通,电信运营,38.67,1980.41,18.92,1604.14,21.16,0.86
sh,601601,中国太保,保险,38.5,3429.97,23.1,2576.33,34.64,2.68
sh,600016,民生银行,银行,38.42,2683.86,32.53,2508.73,11.71,5.69
sh,601288,农业银行,银行,38.28,12319.4,32.01,12599.39,1.5,4.98
sh,600309,万华化学,化学原料,38.24,1484.16,12.58,765.25,74.84,4.3
sh,600029,南方航空,航空运输,35.4,841.53,32.11,814.54,0.97,0.75
sh,601328,交通银行,银行,34.95,4166.14,37.92,4299.81,0.23,5.43
sz,000568,泸州老窖,饮料,34.21,1271.26,19.44,595.57,119.9,1.76
sh,600019,宝钢股份,黑色金属,33.64,1403.4,35.13,1447.41,2.98,8.05
sz,002050,三花智控,通用机械,33.44,366.45,17.32,270.38,37.01,2.06
sh,600004,白云机场,交通基本设施,32.39,415.31,28.62,207.97,97.93,0.86
sh,601939,建设银行,银行,31.84,17800.78,30.94,15925.7,15.28,4.35
sz,002463,沪电股份,半导体,31.77,450.5,8.46,123.26,275.97,0.37
sh,600028,XD中国石,石油天然气,31.37,6477.31,51.42,6114.1,9.65,7.36
sz,300124,汇川技术,电气部件与设备,31.32,421.31,11.6,335.16,22.87,0.81
sz,001979,招商蛇口,工业地产开发和管理,30.48,1599.44,16.08,1371.36,19.07,3.96
sz,002032,苏泊尔,耐用家居用品,30.32,588.66,20.2,431.15,36.85,1.8
sz,300122,智飞生物,生物科技,30.17,825.6,7.68,620.16,32.9,0.98
sh,601818,光大银行,银行,30.04,2083.83,18.91,1942.1,11.19,4.08
sh,600298,安琪酵母,食品,29.87,236.1,20.95,207.92,14.06,1.23
sz,002142,宁波银行,银行,29.17,1371.62,9.26,844.83,49.35,1.6
sz,000999,华润三九,化学制剂,28.95,303.07,16.81,243.35,23.56,1.29
sz,002508,老板电器,家用电器,28.16,263.35,20.13,191.61,37.13,2.98
sh,601100,恒立液压,专用设备,28.02,315.67,4.14,174.72,83.68,0.83
sh,600872,中炬高新,食品,27.15,316.58,7.2,234.69,35.12,0.58
sh,601009,南京银行,银行,26.97,709.11,10.93,547.95,33.2,4.77
sh,601229,上海银行,银行,26.11,1318.37,25.49,1222.85,12.18,3.76
sz,002410,广联达,计算机软件,25.8,415.47,5.51,234.44,77.63,0.54
sh,601988,中国银行,银行,25.57,10774.59,23.5,10627.4,5.25,5.08
sz,002008,大族激光,电子设备及服务,25.56,381.26,53.99,323.96,19.63,0.55
sh,600885,宏发股份,电气部件与设备,24.27,188.57,16.04,168.02,11.72,1.17
sz,002236,大华股份,电子设备及服务,23.45,538.96,9.9,343.53,53.59,0.57
sz,002179,中航光电,电子元器件,22.96,431.1,5.76,266.39,57.31,0.25
sh,600201,生物股份,生物科技,22.89,199.68,13.14,194.31,8.5,2.05
sh,603939,益丰药房,药品流通,22.74,286.47,7.53,157.13,82.61,0.39
sz,000157,中联重科,专用设备,22.6,460.08,3.39,277.98,68.84,4.34
sh,600606,绿地控股,住宅地产开发和管理,22.35,872.46,11.49,743.47,20.79,4.25
sh,600801,华新水泥,建筑材料,22.24,422.46,10.02,250.39,75.41,4.17
sz,002353,杰瑞股份,能源设备与服务,22.17,270.21,6.39,143.68,86.33,0.43
sh,600867,通化东宝,化学制剂,22.05,379.75,24.89,282.72,34.24,1.09
sz,002439,启明星辰,信息技术服务,21.81,311.06,4.62,184.36,64.18,0.12
sz,002230,科大讯飞,计算机软件,20.87,764.24,10.23,515.6,35.43,0.3
sh,600588,用友网络,计算机软件,20.85,847.03,4.12,408.01,109.93,0.57
sh,600183,生益科技,电子元器件,20.48,606.15,2.7,213.02,173.13,1.22
sz,002311,海大集团,农牧渔产品,20.46,537.5,9.09,366.35,47.09,0.89
sh,600570,恒生电子,资本市场服务,20.15,653.6,5.21,321.14,98.75,0.31
sh,600340,华夏幸福,住宅地产开发和管理,19.94,840.54,8.59,764.33,11.22,4.4
sh,600809,山西汾酒,饮料,19.78,649.81,2.99,303.48,113.44,1.01
sh,601169,北京银行,银行,19.38,1164.98,18.25,1186.12,1.35,5.29
sh,601766,中国中车,专用设备,19.25,2198.33,18.35,2588.64,-14.67,1.99
sz,000725,京东方Ａ,光电子器件,19.19,1402.38,12.69,915.2,49.96,0.77
sh,600837,海通证券,证券,19.06,1862.13,8.18,1012.15,79.07,0.96
sh,601688,华泰证券,证券,19.03,1849.82,13,1336.74,24.15,1.52
sz,300383,光环新网,互联网软件与服务,18.88,329.05,1.29,195.08,62.95,0.1
sz,300450,先导智能,专用设备,18.78,296.21,11.05,255.15,13.97,0.86
sh,600886,国投电力,电力公用事业,18.77,629.06,11.36,546.27,15.28,2.49
sh,601211,国泰君安,证券,18.65,1696.07,14.6,1334.98,22.9,1.48
sh,601186,中国铁建,建筑与工程,18.41,1360.67,11.42,1476.1,-7.76,2.14
sh,601098,中南传媒,传媒,18.41,228.63,14.3,224.5,5.34,4.86
sh,601225,陕西煤业,煤炭,18.36,917,6.41,744,26.58,3.63
sz,000425,徐工机械,专用设备,17.9,367.4,5.15,253.03,42.44,1.32
sz,000786,北新建材,建筑材料,17.79,318.64,5.92,232.48,37.66,2.49
sh,600779,水井坊,饮料,17.71,220.97,13.47,154.72,46.01,2.52
sh,601857,中国石油,石油天然气,17.54,11896.36,15.99,13195.81,-9.8,2.61
sz,000895,双汇发展,食品,17.28,823.57,28.44,778.37,5.49,5.95
sh,600600,青岛啤酒,饮料,16.52,680.76,3.79,470.95,42.04,0.98
sz,300285,国瓷材料,化学原料,16.37,232.74,2.46,107.06,113.23,0.28
sz,002268,卫士通,电子设备及服务,16.11,267.43,5.18,149.73,69.76,0.05
sh,601933,永辉超市,食品与主要用品零售,15.89,880.48,7.67,753.2,16.33,1.21
sz,300408,三环集团,电子元器件,15.86,369.38,5.12,294.99,21,1.24
sz,002352,顺丰控股,物流,15.61,1744.2,5.07,1447.15,22.47,0.53
sh,601088,中国神华,煤炭,15.58,3922.23,13.09,3572.18,14.7,4.46
sh,601155,新城控股,住宅地产开发和管理,15.52,599.84,3.38,534.62,16.22,5.68
sh,603589,口子窖,饮料,15.5,359.46,4.77,210.42,74.02,2.52
sh,600547,山东黄金,有色金属,15,1183.74,3.78,669.74,73.26,0.19
sz,002507,涪陵榨菜,食品,14.92,183.21,9.46,170.5,6.63,1.14
sz,000089,深圳机场,交通基本设施,14.77,216.36,4.91,159.75,32.73,0.84
sh,601021,春秋航空,航空运输,14.75,406.12,8.18,291.67,38.69,0.46
sz,002572,索菲亚,耐用家居用品,14.69,172.4,9.64,154.67,12.73,2.7
sh,601231,环旭电子,电子设备及服务,14.46,345.54,1.55,195.83,75.68,1.05
sh,603160,汇顶科技,电子元器件,14.46,899.58,5.23,359.38,153.62,0.25
sh,600153,建发股份,工业贸易经销商,14.45,253.18,2.37,199.88,32.54,5.65
sz,002241,歌尔股份,电子元器件,14.05,488.71,3.1,223.26,122.59,0.66
sz,300750,宁德时代,电气部件与设备,13.95,1683.14,0.34,1619.92,1.17,0.19
sz,000063,中兴通讯,通信设备,13.74,1488.27,4.7,821.34,75.6,0
sz,300059,东方财富,资本市场服务,13.58,1092.63,4.13,625.36,55.95,0.11
sz,002271,东方雨虹,建筑材料,13.5,321.99,2.91,193.22,67.45,1.4
sh,600919,江苏银行,银行,13.5,794.26,7.58,689.2,18.47,5.04
sh,600999,招商证券,证券,13.48,1185.8,6.09,897.72,30.27,1.54
sh,600323,瀚蓝环境,复合型公用事业,13.38,141.76,7.79,107.51,29.79,1.11
sh,601138,工业富联,电子设备及服务,13.22,2952.86,1.64,2282.69,23.6,0.91
sh,601628,中国人寿,保险,13.17,8284.39,6.44,5763.17,41.62,0.56
sh,601877,正泰电器,电气部件与设备,13.01,500.38,8.12,521.5,-4.26,3.54
sz,002024,苏宁易购,专营零售,12.86,1012,6.57,917.04,9.14,1.13
sz,002727,一心堂,药品流通,12.76,139.05,1.67,100.95,36.79,1.25
sh,600703,三安光电,光电子器件,12.62,562.82,10.11,461.27,23.71,1.46
sh,600176,中国巨石,非金属材料与制品,12.43,301.2,23.72,338.67,-12.43,2.72
sz,300003,乐普医疗,医疗保健设备与用品,12.38,499.93,5.47,370.76,30.53,0.61
sh,603899,晨光文具,商业用品与服务,12.28,376.46,0.81,278.3,38.52,0.72
sh,601989,中国重工,专用设备,12.09,1384.23,5.37,972.39,39.97,0.15
sh,600258,首旅酒店,酒店餐饮与休闲,12.02,178.58,11.54,156.23,12.71,0.62
sz,000069,华侨城Ａ,酒店餐饮与休闲,12.01,587.3,2.99,520.96,15.54,4.27
sz,300142,沃森生物,生物科技,11.92,427.41,8.8,293.65,43.09,0.11
sh,601336,新华保险,保险,11.86,1605.32,6.46,1317.7,20.8,1.53
sz,002511,中顺洁柔,家常用品,11.84,171.4,0.58,109.63,51.84,0.18
sh,600025,华能水电,电力公用事业,11.72,808.2,2.47,567,45.96,3.38
sz,000876,新希望,农牧渔产品,11.38,777.85,3.68,306.93,150.27,0.16
sh,600674,川投能源,电力公用事业,11.19,436.25,7.21,381.67,15.06,3.11
sh,600436,片仔癀,中药,11.05,604.52,5.1,522.77,15.02,0.61
sz,000596,古井贡酒,饮料,10.83,578.79,2.29,271.74,116.67,1.3
sz,002594,比亚迪,汽车,10.77,1395.72,7.76,1391.35,-1.66,0.41
sz,002146,荣盛发展,住宅地产开发和管理,10.68,380.46,7.95,345.68,13.16,5.25
sz,300136,信维通信,通信设备,10.65,342.9,4.85,210.83,61.5,0
sh,600015,华夏银行,银行,10.58,1160.2,6.94,947.6,3.01,2.34
sh,603833,欧派家居,耐用家居用品,10.54,499.4,2.72,335.05,49.65,0.63
sh,600583,海油工程,能源设备与服务,10.49,253.34,3.14,216.65,16.32,0.88
sz,000963,华东医药,药品流通,10.4,498.7,13.36,385.83,29.32,0.98
sz,002555,三七互娱,计算机软件,10.26,385.7,1.05,200.59,88.19,1.71
sz,002916,深南电路,电子元器件,10.19,513.04,1.79,224.48,127.35,0.41
sh,601390,中国中铁,建筑与工程,9.94,1450.61,11.18,1596.82,-9.65,2.07
sz,000661,长春高新,生物科技,9.93,629.43,2.75,297.7,114.28,0.21
sz,000860,顺鑫农业,饮料,9.92,389.58,11.3,181.96,115.65,0.22
sz,300271,华宇软件,信息技术服务,9.88,179.68,2.42,113.25,42.78,0.29
sz,002044,美年健康,医疗保健提供商与服务,9.8,480.95,2.56,466.67,0.3,0.36
sh,600196,复星医药,化学制剂,9.69,705.05,7.49,596.42,17.73,1.18
sz,000581,威孚高科,汽车零配件与设备,9.54,175.25,7.15,178.18,1.68,7.1
sz,000100,TCL集团,家用电器,9.51,499.98,1.66,331.97,54.9,2.7
sh,603369,今世缘,饮料,9.25,363.55,1.54,181.78,103.29,1.13
sz,002422,科伦药业,化学制剂,9.13,404.29,7.91,297.33,37.09,0.75
sz,002202,金风科技,重型电气设备,9.11,569.96,2.39,355.26,57.39,1.91
sh,600642,申能股份,电力公用事业,8.98,286.37,4.64,222.14,22.34,3.21
sh,600383,金地集团,住宅地产开发和管理,8.95,547.62,7.4,434.3,31.43,4.98
sz,002081,金螳螂,建筑与工程,8.92,263.89,1.89,214.11,20.45,2.09
sz,002138,顺络电子,电子元器件,8.84,194.97,2.29,112.39,73.77,0.84
sh,600352,浙江龙盛,化学制品,8.84,509.15,4.46,313.95,65.79,1.59
sz,000423,东阿阿胶,中药,8.75,210.86,14.68,258.67,-17.73,3.21
sh,603866,桃李面包,食品,8.75,308.22,0.81,212.53,49.49,1.52
sh,600398,海澜之家,服装与配饰,8.63,373.05,5.47,380.99,4.88,4.53
sz,000166,申万宏源,证券,8.46,1269.53,2.31,917.21,22.65,1.01
sz,000028,国药一致,药品流通,8.4,196.25,1.64,177.42,9.68,0.89
sz,300274,阳光电源,电气部件与设备,8.37,182.27,0.39,129.48,35.38,0.5
sh,603658,安图生物,生物科技,8.35,351.54,2.51,205.34,77.41,0.93
sh,603993,洛阳钼业,有色金属,8.31,827.25,4.68,812.13,1.66,2.96
sz,002557,洽洽食品,食品,8.22,123.35,0.13,96.53,29.41,2.07
sz,002212,南洋股份,电气部件与设备,8.15,206.21,2.89,127.54,56.83,0
sh,603816,顾家家居,耐用家居用品,8.14,210.14,8.79,193.6,10.77,2.07
sz,000401,冀东水泥,建筑材料,8.13,230.29,1.48,166.82,37.07,2.42
sz,002299,圣农发展,农牧渔产品,8.12,340.98,1.82,205.01,70.29,3.68
sz,300244,迪安诊断,医疗保健提供商与服务,7.74,143.95,1.25,83.59,50.38,0.11
sh,601117,中国化学,建筑与工程,7.71,294.5,4.27,264.41,11.63,2.01
sh,600373,中文传媒,传媒,7.7,185.75,1.93,179.27,4.94,3.81
sh,601899,紫金矿业,有色金属,7.68,824.52,5.64,769.24,7.39,2.87
sz,002563,森马服饰,服装与配饰,7.64,309.79,2.88,240.83,37.96,2.94
sh,603338,浙江鼎力,专用设备,7.54,201.37,4.59,139.5,43.93,0.44
sh,600026,中远海能,水上运输,7.53,282.65,1,179.02,71.91,0.26
sz,000776,广发证券,证券,7.42,1121.06,4.34,966.35,12.46,1.4
sh,600926,杭州银行,银行,7.35,435.04,4.53,379.63,15.7,3.01
sh,600271,航天信息,电子设备及服务,7.28,432.29,5.75,426.33,0.02,1.96
sh,603444,吉比特,计算机软件,7.22,197.5,0.52,106.39,90.37,3.72
sz,002821,凯莱英,化学制剂,7.18,249.25,1.54,156.63,60.35,0.37
sz,002120,韵达股份,物流,7.12,807.14,5.5,518.97,57.42,1.01
sh,603799,华友钴业,有色金属,7.02,299.44,3.2,249.84,17.59,0.28
sh,600346,恒力石化,合成纤维,6.99,1131.89,1.53,669.49,74.5,1.34
sh,603986,兆易创新,半导体,6.92,480.68,0.32,177.39,131.94,0.18
sh,600958,东方证券,证券,6.9,765.11,4.19,557.39,35.57,0.93
sh,600763,通策医疗,医疗保健提供商与服务,6.81,304.83,0.86,152.21,99.05,0
sh,600893,航发动力,航天航空,6.77,541.31,3.91,488.67,7.74,0.61
sz,300296,利亚德,光电子器件,6.77,189.19,1.65,195.55,-5.38,1.11
sh,600111,北方稀土,有色金属,6.75,428.34,3.37,318.62,31.96,0.43
sh,600557,康缘药业,中药,6.65,98.18,0.35,63.37,63.5,0.48
sh,601998,中信银行,银行,6.65,2838.22,5.7,2666.95,9.17,4.02
sz,300308,中际旭创,通信设备,6.59,325.05,0.69,193.46,52.8,0.2
sz,002465,海格通信,通信设备,6.58,242.98,1.48,179.94,30.05,1.2
sh,600535,天士力,中药,6.51,262.75,12.57,290.43,-10.41,1.78
sz,000997,新大陆,计算机软件,6.46,196.61,1.14,152.86,25.34,1.66
sz,300203,聚光科技,电子设备及服务,6.37,88.69,15.07,116.07,-25.02,2.66
sh,600038,中直股份,航天航空,6.34,286.54,2.88,220.23,26.93,0.55
sh,601377,兴业证券,证券,6.28,452.03,2.37,310.73,43.62,0.76
sz,300616,尚品宅配,耐用家居用品,6.25,169.37,3.86,120.74,40.1,0.71
sz,002690,美亚光电,专用设备,6.24,217.54,3.87,143.85,53.32,2.2
sz,000656,金科股份,住宅地产开发和管理,6.19,369.51,6.17,330.53,15.8,5.32
sz,300144,宋城演艺,酒店餐饮与休闲,6.16,379.28,3.91,310.13,22.45,0.46
sh,601985,中国核电,电力公用事业,6.05,859.21,3.35,820.3,5.12,2.21
sh,600438,通威股份,农牧渔产品,6.01,578.47,6.37,321.46,75.52,1.11
sh,601669,中国电建,建筑与工程,5.93,754.24,3.75,743.53,0.7,2.04
sz,300073,当升科技,化学原料,5.92,116.56,1.72,120.93,-4.92,0.53
sh,600380,健康元,化学制剂,5.91,187.99,0.57,129.27,42.89,1.71
sh,600010,包钢股份,黑色金属,5.82,697.45,3.54,674.66,1.11,0.47
sh,600787,中储股份,物流,5.73,119.23,3.75,109.99,7.26,0.43
sz,000783,长江证券,证券,5.7,415.27,1.82,284.77,42.71,0.27
sh,601699,潞安环能,煤炭,5.7,233.63,1.39,199.23,18.84,3.5
sz,000768,中航飞机,航天航空,5.7,483.68,0.97,366.57,28.03,0.59
sz,002007,华兰生物,生物科技,5.64,461.61,6.71,305.07,52.87,0.81
sh,601607,上海医药,药品流通,5.64,547.1,6.14,483.16,12.53,2.19
sh,601555,东吴证券,证券,5.61,307.5,2.11,201,51.32,0.9
sh,600584,长电科技,半导体,5.56,310.96,2.45,132.08,121.84,0
sh,600332,白云山,中药,5.55,603.82,3.45,581.38,2.99,1.16
sh,600795,国电电力,电力公用事业,5.53,493.23,4.27,503.05,-1.99,1.62
sz,300133,华策影视,传媒,5.49,128.52,5.8,158.89,-19.79,0.21
sh,600018,上港集团,交通基本设施,5.48,1441.4,5.54,1200.4,20,2.53
sz,300033,同花顺,互联网软件与服务,5.46,633.83,0.87,205.36,205.77,0.41
sz,002736,国信证券,证券,5.45,1091.42,1.05,686.34,54.68,0.94
sz,000739,普洛药业,化学原料药,5.41,142.01,1.13,87.68,64.29,0.91
sz,002841,视源股份,电子元器件,5.4,588.88,2.12,372.97,57.21,0.61
sz,300601,康泰生物,生物科技,5.39,458.43,0.11,228.47,99.3,0.35
sh,600720,祁连山,建筑材料,5.36,73.13,0.29,50.07,48.46,3.2
sz,002223,鱼跃医疗,医疗保健设备与用品,5.31,227.36,1.35,196.59,14.01,0.68
sh,601838,成都银行,银行,5.24,303.07,0.37,290.79,6.37,4.26
sh,600315,上海家化,个人用品,5.17,220.37,3.29,183.25,21.23,0.76
sh,600094,大名城,住宅地产开发和管理,5.13,199.02,0.53,90.35,118.98,0.25
sh,601058,赛轮轮胎,汽车零配件与设备,5.12,116.65,1.53,60.24,96.49,1.16
sz,300146,汤臣倍健,食品,5.03,314.92,2.83,249.55,16.22,2.4
sh,601800,中国交建,建筑与工程,5.01,1709.67,4.46,1821.28,-6.3,2.23
sh,600115,东方航空,航空运输,4.99,894.32,2.72,687.21,12,0
sz,002583,海能达,通信设备,4.97,203.93,5.73,144.96,36.46,0.33
sh,603515,欧普照明,家用电器,4.93,219.56,7.37,210.73,1.96,1.42
sz,300058,蓝色光标,传媒,4.83,159.08,0.71,94.7,51.22,0.5
sh,601618,中国中冶,建筑与工程,4.82,621.71,3.67,644.5,-3.25,2.38
sh,601600,中国铝业,有色金属,4.74,645.16,6.1,529.08,3.66,0
sz,002153,石基信息,计算机软件,4.73,441.58,1.21,276.94,55.71,0.25
sz,002506,协鑫集成,半导体,4.68,322.7,1.27,253.12,27,0
sh,600188,兖州煤业,煤炭,4.66,557.51,0.34,431.28,35.46,4.78
sh,601788,光大证券,证券,4.59,565.74,2.74,404.37,38.04,0.83
sh,601333,广深铁路,陆运,4.59,226.67,3.92,223.84,2.01,1.9
sh,600548,深高速,交通基本设施,4.58,227.24,1.64,195.83,24.6,6.81
sz,000921,海信家电,家用电器,4.57,160.26,0.87,96.34,67.43,2.62
sh,601111,中国国航,航空运输,4.55,1237.51,3.79,1109.7,10.4,1.24
sz,300413,芒果超媒,传媒,4.53,498.51,0.88,366.41,25.72,0
sz,300014,亿纬锂能,电子设备及服务,4.51,369.85,0.79,134.48,144.34,0
sh,600109,国金证券,证券,4.5,284.89,3.35,216.54,28.21,0.44
sh,601997,贵阳银行,银行,4.4,281.26,2.8,245.49,17.36,3.33
sz,000848,承德露露,饮料,4.39,77.31,3.95,78.68,0.73,5.16
sh,600808,马钢股份,黑色金属,4.37,215.62,11.35,266.44,-12.49,13.09
sh,600516,方大炭素,非金属材料与制品,4.34,344.71,3.75,302.02,9.23,0
sz,002157,正邦科技,农牧渔产品,4.34,426.18,1.15,125.69,229,0.22
sz,002624,完美世界,计算机软件,4.3,383.03,1.73,366.17,5.63,0.63
sh,600760,中航沈飞,航天航空,4.12,498.54,4.04,388.05,24.47,0
sz,000789,万年青,建筑材料,4.1,79.5,2.63,66.8,24.86,6.35
sz,000825,太钢不锈,黑色金属,4.09,234.12,2.29,235.82,-1.04,2.5
sz,002129,中环股份,半导体,4.08,353.71,0.59,201.37,66.75,0.25
sh,600637,东方明珠,传媒,4.07,343.96,3.77,351.6,-2.62,2.78
sh,600536,中国软件,信息技术服务,4.07,403.32,0.29,103.51,281.75,0.09
sh,600170,上海建工,建筑与工程,4.04,316.11,0.39,269.8,19.98,3.85
sh,601360,三六零,互联网软件与服务,4.04,1796.53,1.51,1377.84,22.9,0.21
sz,002092,中泰化学,化学原料,4.02,156.91,1.96,151.32,3.89,2.37
sh,600079,人福医药,化学制剂,4.01,168.13,2.94,137.27,18.64,0
sz,300149,量子生物,食品,4,71.72,0.02,73.12,-3.85,0.5
sz,000951,中国重汽,专用设备,3.97,104.62,1.23,74.76,40.82,3.02
sh,601727,上海电气,重型电气设备,3.93,807.63,1.73,727.42,5.76,1.19
sh,600325,华发股份,住宅地产开发和管理,3.92,157.76,1.1,131.31,21.31,4.74
sz,002242,九阳股份,家用电器,3.9,176.34,0.63,122.88,46.8,5.75
sz,002859,洁美科技,电子元器件,3.9,88.81,2.45,79.48,10.17,1.01
sz,300454,深信服,计算机软件,3.86,458.22,0.07,361.21,24.93,0.13
sh,600489,中金黄金,有色金属,3.84,330.96,2.08,296.11,8.86,0.21
sz,000898,鞍钢股份,黑色金属,3.81,313.19,6.12,371.15,-12.92,5.21
sz,000630,铜陵有色,有色金属,3.79,245.27,1.06,207.37,16.67,1.32
sh,600487,亨通光电,通信设备,3.75,311.25,4.03,324.58,-6.05,0.94
sz,000983,西山煤电,煤炭,3.75,195.69,1.05,173,16.15,4.93
sh,601808,中海油服,能源设备与服务,3.75,610.76,0.27,407.49,45.93,0.57
sh,600688,上海石化,石油天然气,3.74,487.07,3.87,540.11,-7.29,5.68
sz,000778,新兴铸管,黑色金属,3.74,162.83,3.87,172.01,-3.03,5.01
sh,600823,世茂股份,住宅地产开发和管理,3.73,163.18,1.53,141.04,20.59,6.09
sh,600971,恒源煤电,煤炭,3.73,70.56,1.4,56.3,29.61,6
sh,600085,同仁堂,中药,3.66,384.01,2.48,377.15,1.62,0.94
sh,600998,九州通,药品流通,3.63,253.48,2.21,274.14,-5.2,0.73
sh,600705,中航资本,投资信托,3.63,451.51,3.28,380.6,15.09,0.8
sz,002065,东华软件,计算机软件,3.6,235.84,1.43,216.53,6.9,1.37
sz,000977,浪潮信息,电脑与外围设备,3.59,345.39,0.42,205.25,60.17,0.24
sz,002366,台海核电,专用设备,3.58,80.46,1.9,81.33,-4.91,0.44
sz,002493,荣盛石化,化学制品,3.58,717.19,1.62,634.77,14.25,0.87
sz,000402,金融街,住宅地产开发和管理,3.58,236.42,1.07,192.49,26.36,3.84
sh,600011,华能国际,电力公用事业,3.56,995.26,3.68,1158.52,-14.37,1.61
sz,002001,新和成,化学原料药,3.56,474.64,1,322.51,52.14,3.17
sz,000938,紫光股份,电脑与外围设备,3.56,711.14,1.14,456.15,50.2,0.32
sh,600062,华润双鹤,化学制剂,3.54,141.57,3.14,126.13,12.12,2.1
sz,002396,星网锐捷,通信设备,3.49,169.73,5.23,100.44,73.08,0.37
sz,000961,中南建设,住宅地产开发和管理,3.46,302.72,3.39,208.12,47.81,1.47
sz,002126,银轮股份,汽车零配件与设备,3.4,60.64,1.4,59.6,-0.79,0.68
sh,600007,中国国贸,房地产租赁,3.39,168.12,1.72,128.93,30.56,1.96
sz,000709,河钢股份,黑色金属,3.38,282.46,2.48,301.57,-4.88,3.93
sz,300628,亿联网络,通信设备,3.37,400.3,0.26,232.63,72.68,0.92
sz,300482,万孚生物,生物科技,3.37,170.4,0.27,87.14,94.51,0.45
sh,601238,广汽集团,汽车,3.36,1311.45,1.33,1052.92,24.5,2.64
sz,002466,天齐锂业,有色金属,3.35,287.67,5.3,334.85,-16.38,0.74
sz,000513,丽珠集团,化学制剂,3.33,259.86,1.14,180.84,47.59,3.39
sh,600261,阳光照明,家用电器,3.33,65.34,0.61,49.52,35.13,3.39
sh,600138,中青旅,酒店餐饮与休闲,3.32,93.74,6.97,93.3,-1.57,1.12
sh,600177,雅戈尔,住宅地产开发和管理,3.29,322.9,4.23,257.51,33.4,5.62
sh,600782,新钢股份,黑色金属,3.28,154.97,7.72,162.31,-3.62,4.24
sh,603019,中科曙光,电脑与外围设备,3.27,352.83,2.11,230.72,46.29,0.27
sh,603883,老百姓,药品流通,3.27,199.3,0.97,134.52,49.8,0.71
sz,000887,中鼎股份,汽车零配件与设备,3.26,119.03,2.6,123.55,-5.19,2.13
sz,300529,健帆生物,医疗保健设备与用品,3.26,302.8,0.4,173.17,73.51,0.84
sz,002273,水晶光电,光电子器件,3.23,157.82,0.97,82.49,96.33,0.54
sh,603517,绝味食品,食品,3.22,226.84,0.29,135.75,68.4,1.11
sh,600089,特变电工,重型电气设备,3.2,253.69,2.79,252.21,1.16,2.69
sh,600565,迪马股份,住宅地产开发和管理,3.2,88.25,0.61,62.52,44.92,7.98
sz,002697,红旗连锁,食品与主要用品零售,3.19,97.24,1.53,69.77,38.69,0.75
sz,002456,欧菲光,光电子器件,3.17,303.57,4.17,249.31,16,0
sh,600748,上实发展,住宅地产开发和管理,3.17,130.96,0.44,98.5,29.46,0.44
sz,300298,三诺生物,医疗保健设备与用品,3.16,77.45,0.75,59.92,29.8,2.23
sh,600068,葛洲坝,建筑与工程,3.15,285.04,3.01,291.02,-2.19,3.01
sh,603882,金域医学,医疗保健提供商与服务,3.12,244.05,0.06,102.02,134.69,0.21
sz,000807,云铝股份,有色金属,3.12,135.56,0.26,101.15,29.12,0
sh,600377,宁沪高速,交通基本设施,3.1,520.4,4.47,493.7,9.51,4.47
sh,603858,步长制药,中药,3.1,228.77,1.25,224.07,10.54,6.31
sh,600859,王府井,百货商店,3.08,118.07,2.03,105.26,13.61,3.14
sh,601233,桐昆股份,合成纤维,3.08,250.73,3.84,177.82,38.36,0.89
sz,002602,世纪华通,计算机软件,3.07,563.48,2.31,482.13,-26.35,0.42
sh,600061,国投资本,证券,3.07,575.31,1.32,380.02,46.75,0.62
sz,002384,东山精密,电子元器件,3.05,361.16,0.83,181.38,94.43,0.25
sh,600704,物产中大,工业贸易经销商,3.04,242.9,1.54,197.25,26.01,4.53
sz,002812,恩捷股份,容器与包装,3.03,260.05,1.76,234.14,10.02,0.71
sh,601992,金隅集团,建筑材料,3.03,380.13,1.86,373.72,0.3,1.59
sh,600667,太极实业,半导体,3.02,172.08,1.22,107.63,56.83,1.74
sz,002797,第一创业,证券,3.02,238.51,1.52,189.83,21.04,0.15
sh,600027,华电国际,电力公用事业,3.01,382.68,3.57,468.49,-18.85,1.74
sz,300017,网宿科技,互联网软件与服务,3,298.77,0.85,190.49,47.08,0.26
sh,600729,重庆百货,百货商店,2.96,123.26,5.96,115.05,8.79,2.16
sz,002747,埃斯顿,电气部件与设备,2.95,83.41,1.69,71.28,15.24,0.74
sh,603737,三棵树,化学制品,2.91,116.3,0.69,48.41,145.9,0.58
sh,600482,中国动力,汽车零配件与设备,2.89,424.77,1.96,382.21,10.78,0
sh,600297,广汇汽车,专营零售,2.86,337.01,1.45,333.64,-0.88,0.38
sh,601958,金钼股份,有色金属,2.85,234.57,0.57,191.02,23.94,1.94
sh,600219,南山铝业,有色金属,2.83,268.89,1.89,252.16,6.06,2.28
sh,600549,厦门钨业,有色金属,2.83,189.24,1.47,170.73,12.09,1.12
sz,300558,贝达药业,化学制剂,2.82,188.27,0.03,128.2,44.86,0.24
sh,600118,中国卫星,航天航空,2.82,284.39,1.94,204.81,34.81,0.47
sz,002387,维信诺,光电子器件,2.8,229.9,0.07,104.22,115.49,0
sz,002414,高德红外,电子设备及服务,2.78,215.93,0.54,134.53,59.36,0.09
sh,601919,中远海控,水上运输,2.76,608.07,2.16,412.74,22.03,0
sz,002127,南极电商,商业用品与服务,2.76,236.65,0.89,184.61,24.6,0
sh,600282,南钢股份,黑色金属,2.76,151.41,0.62,151.24,5.8,8.98
sz,002372,伟星新材,建筑产品,2.74,243.99,3.9,203.32,24.39,3.23
sz,000413,东旭光电,电子元器件,2.74,310.58,0.78,257.86,16.5,1.35
sh,601108,财通证券,证券,2.68,400.17,0.38,259.13,51.59,0.64
sz,002458,益生股份,农牧渔产品,2.66,149.18,0.6,48.41,210.81,1.6
sh,603077,和邦生物,化学原料,2.66,145.72,0.73,143.07,-0.62,0
sz,000728,国元证券,证券,2.65,309.28,0.78,234.91,30.8,2.78
sh,603659,璞泰来,非金属材料与制品,2.65,229.74,1.19,206.05,8.9,0.82
sh,601018,宁波港,交通基本设施,2.63,524.28,0.77,439.97,18.19,2.4
sz,000932,华菱钢铁,黑色金属,2.63,187.88,4.85,182.75,0.03,0
sh,601139,深圳燃气,燃气公用事业,2.59,182.97,0.34,154.54,25.8,2.28
sz,000598,兴蓉环境,复合型公用事业,2.55,141.55,0.84,120.34,17.32,1.42
sh,601898,中煤能源,煤炭,2.54,669.56,0.89,616.53,8.67,1.57
sh,600739,辽宁成大,工业贸易经销商,2.52,220.74,1.58,160.01,34.89,0
sh,600362,江西铜业,有色金属,2.52,525.64,1.61,455.7,13.9,1.35
sz,002460,赣锋锂业,有色金属,2.49,295.1,1.27,290.37,3.11,1.34
sz,000625,长安汽车,汽车,2.46,396.7,1.56,316.49,22.28,0.22
sh,600125,铁龙物流,陆运,2.46,81.99,3.58,91.39,-11.43,1.97
sz,000726,鲁泰Ａ,纺织品,2.46,81.09,3.29,89.58,2.18,5.3
sh,601633,长城汽车,汽车,2.45,773.99,1.3,511.13,50.83,3.55
sz,000600,建投能源,电力公用事业,2.45,105.17,0.95,89.94,19.09,1.7
sz,000988,华工科技,电子设备及服务,2.43,218.5,0.54,120.06,69.17,0.15
sz,002419,天虹股份,百货商店,2.4,143.56,4.8,131.67,11.04,3.38
sh,600977,中国电影,传媒,2.39,304.51,1.97,267.35,14.59,1.75
sh,600820,隧道股份,建筑与工程,2.39,194.62,1.34,196.82,0.36,3.11
sz,002313,日海智能,通信设备,2.38,68.36,2.3,70.45,-5.15,0.12
sz,300166,东方国信,信息技术服务,2.38,145.5,2.66,109.47,29.74,0.07
sh,600804,鹏博士,电信增值服务,2.37,112.01,2.77,100.7,8.96,0
sz,300463,迈克生物,生物科技,2.37,145.11,0.57,81.47,78.08,0.62
sz,000877,天山股份,建筑材料,2.36,117.67,0.27,74.56,57.88,3.51
sz,300315,掌趣科技,计算机软件,2.35,104.51,0.38,97.34,6.23,0
sh,600643,爱建集团,投资信托,2.32,152.79,2.88,137.7,9.05,1.31
sz,300433,蓝思科技,光电子器件,2.32,414.28,4.06,255.63,62.65,0.24
sz,000528,柳工,专用设备,2.32,97.13,3.1,88.79,7.47,2.35
sh,603118,共进股份,通信设备,2.31,114.03,0.09,49.25,137.55,3.64
sz,000671,阳光城,住宅地产开发和管理,2.29,248.67,0.75,210.2,17.61,0.93
sz,300676,华大基因,生物科技,2.26,293.31,0.08,240.06,17.97,0.42
sh,600161,天坛生物,生物科技,2.23,286.01,0.96,185.12,55.19,0.15
sz,002614,奥佳华,休闲设备与用品,2.22,71.02,1.68,89.58,-23.31,0.82
sz,002468,申通快递,物流,2.21,363.72,1.63,251.82,44.59,2.15
sh,601717,郑煤机,专用设备,2.21,124.74,2.97,95.81,32.63,2.03
sz,002233,塔牌集团,建筑材料,2.19,120.3,3.29,119.94,4.81,7.38
sh,600466,蓝光发展,住宅地产开发和管理,2.19,188.6,1.05,160.55,20.68,4.17
sh,601799,星宇股份,汽车零配件与设备,2.18,206.7,1.59,131.17,58.99,1.33
sh,600498,烽火通信,通信设备,2.18,343.01,2.25,332.73,2.06,1.19
sz,002677,浙江美大,家用电器,2.16,90.12,0.19,64.41,40.59,3.43
sh,600422,昆药集团,中药,2.16,92.03,0.21,47.12,89.01,0.86
sz,000627,天茂集团,保险,2.16,364.12,0.71,277.17,28.16,0.83
sz,300088,长信科技,光电子器件,2.15,184.37,0.15,95.4,90.46,1.69
sz,002049,紫光国微,半导体,2.15,352.56,0.83,175.37,92.16,0.1
sz,300070,碧水源,商业用品与服务,2.15,231.02,3.95,245.74,-8.5,0.55
sz,002152,广电运通,电脑与外围设备,2.11,181.88,0.38,136.26,32.58,1.64
sh,601198,东兴证券,证券,2.1,322.13,1.93,263.66,20.48,0.96
sz,002600,领益智造,电子元器件,2.08,682.27,0.3,170.63,299.6,0
sh,600460,士兰微,半导体,2.06,244.96,0.57,106.54,117.19,0.23
sh,600816,安信信托,投资信托,2.06,287.13,2.45,239,16.02,0
sz,002673,西部证券,证券,2.03,336.53,0.57,268.59,20.79,0.63
sh,600612,老凤祥,服装与配饰,2.03,272.02,0.93,235.4,15.05,2.17
sh,600208,新湖中宝,住宅地产开发和管理,2.02,264.86,1.41,249.38,5.84,1.96
sz,300747,锐科激光,电子设备及服务,2.02,192.29,0.01,176.13,6.93,0.34
sz,000703,恒逸石化,合成纤维,2.01,375.11,0.75,302.74,15.59,2.31
sz,002156,通富微电,半导体,2.01,121.72,0.46,82.26,43.56,0.37
sh,600522,中天科技,通信设备,2.01,275.33,1.89,249.88,8.81,1.14
sz,002281,光迅科技,通信设备,2.01,214.62,0.98,173.65,14.43,0.56
sz,002832,比音勒芬,服装与配饰,1.99,82.86,0.02,60.57,45.37,1.05
sh,600376,首开股份,住宅地产开发和管理,1.95,218.23,0.33,185.47,21.99,4.77
sh,600875,东方电气,重型电气设备,1.95,309.39,1.61,243.86,24.42,1.13
sz,300207,欣旺达,电子设备及服务,1.95,215.6,0.86,132.96,68.94,0.91
sh,600392,盛和资源,有色金属,1.94,172.71,0.17,151.12,13.17,0.31
sh,600657,信达地产,住宅地产开发和管理,1.94,117.78,1.68,112.08,5.55,2.98
sz,300054,鼎龙股份,化学原料,1.93,97.85,0.11,61.16,55.98,0.2
sh,601881,中国银河,证券,1.91,1196.2,1.03,691.36,70.73,0.78
sh,600369,西南证券,证券,1.91,276.61,0.26,196.45,37.38,0.63
sz,000503,国新健康,互联网软件与服务,1.9,182.37,1.51,142.73,17.82,0
sh,600566,济川药业,中药,1.9,247.65,2.99,273.21,-7.74,4.12
sz,002440,闰土股份,化学制品,1.9,144.39,1.32,103.55,50.46,3.84
sh,603233,大参林,药品流通,1.89,289.02,0.1,159.44,83.49,0.83
sz,002294,信立泰,化学制剂,1.89,245.81,4.21,218.51,15.14,3.43
sz,000039,中集集团,通用机械,1.86,364.36,1.55,315.81,19.12,4.59
sh,600507,方大特钢,黑色金属,1.86,130.44,6.91,144.84,0.59,19.55
sz,000036,华联控股,住宅地产开发和管理,1.85,65.29,2.01,62.9,12.74,10.76
sz,002745,木林森,光电子器件,1.85,143.04,1.35,144.19,-3.12,1.89
sh,600521,华海药业,化学原料药,1.84,202.85,2.01,138.34,34.54,0
sh,600305,恒顺醋业,食品,1.84,121.22,0.84,81.49,46.87,0.79
sz,002195,二三四五,互联网软件与服务,1.83,219.85,0.62,163.95,29.96,0.63
sz,300118,东方日升,电子元器件,1.81,123.85,0.12,51.45,123.58,0.48
sz,002405,四维图新,计算机软件,1.81,340.88,0.55,184.77,78.86,0.06
sh,600699,均胜电子,汽车零配件与设备,1.8,218.7,3.51,221.75,-3.27,0
sh,601872,招商轮船,水上运输,1.77,282.7,0.02,223.86,35.45,1.18
sh,601966,玲珑轮胎,汽车零配件与设备,1.76,247.92,0.34,163.8,50.43,1.49
sz,002100,天康生物,农牧渔产品,1.75,102.54,0.23,40.46,138.41,1.01
sz,000729,燕京啤酒,饮料,1.75,174.47,1.46,158.97,8.35,0.36
sh,600497,驰宏锌锗,有色金属,1.74,243.36,1.47,208.74,14.16,1.52
sz,002371,北方华创,专用设备,1.74,322.62,1.12,172.94,80.17,0.08
sh,600372,中航电子,航天航空,1.73,272.73,0.63,228.34,15.63,0.33
sh,600757,长江传媒,传媒,1.72,80.95,1.42,79.13,2.4,2.3
sz,300253,卫宁健康,计算机软件,1.72,254.72,0.38,202.13,23.69,0.13
sz,002385,大北农,农牧渔产品,1.71,229.55,0.43,135.78,66.56,1.38
sh,603556,海兴电力,电气部件与设备,1.71,90.09,0.21,64.37,41.91,2.23
sh,601066,中信建投,证券,1.68,1911.6,0.92,666,187.77,0.73
sh,600008,首创股份,水公用事业,1.68,200.7,2.24,195.01,3.21,2.31
sh,600663,陆家嘴,商业地产开发和管理,1.66,591.01,0.63,436.7,38.37,2.87
sz,000415,渤海租赁,其他金融服务,1.66,239.34,0.76,222.64,4.72,0
sz,000686,东北证券,证券,1.65,207.36,1.2,146.51,39.59,1.16
sz,002075,沙钢股份,黑色金属,1.64,177.42,0.62,177.2,-0.56,0.38
sh,600708,光明地产,住宅地产开发和管理,1.64,87.14,0.37,77.78,13.54,5.25
sh,603368,柳药股份,药品流通,1.63,97.26,1.39,67.88,42.34,1.69
sz,300009,安科生物,生物科技,1.62,164.17,0.9,133.25,18.96,0.95
sz,000046,泛海控股,住宅地产开发和管理,1.62,254.09,0.13,242.66,3.3,3.19
sz,002601,龙蟒佰利,化学原料,1.62,275.75,0.65,249.94,10.77,5.36
sz,000050,深天马Ａ,光电子器件,1.62,313.36,0.56,200.92,51.11,0.47
sz,000839,中信国安,传媒,1.61,158.36,0.56,132.1,15.43,1.29
sh,600895,张江高科,工业地产开发和管理,1.61,259.25,0.43,231.53,9.36,0.68
sz,300068,南都电源,电子设备及服务,1.6,104.14,0.27,124.78,-18.85,0
sz,300496,中科创达,互联网软件与服务,1.6,165.65,0.04,89.08,78.83,0.23
sh,600160,巨化股份,化学原料,1.6,205.34,1.2,182,11.76,2.07
sh,603766,隆鑫通用,汽车,1.6,80.5,0.32,83.99,-7.09,1.84
sh,600393,粤泰股份,住宅地产开发和管理,1.59,70.51,0.11,53.77,24.53,0
sz,300024,机器人,通用机械,1.59,241.53,0.63,206.26,13.31,0
sz,002568,百润股份,食品,1.59,100.48,0.17,48.6,114.43,2.08
sh,600415,小商品城,房地产租赁,1.58,219.91,0.65,189.97,14.22,1.53
sz,002648,卫星石化,化学原料,1.57,149.22,0.05,103.04,43.62,0.65
sh,603989,艾华集团,电子元器件,1.57,80.65,1.09,78.55,2.57,1.48
sh,600511,国药股份,药品流通,1.57,219.31,0.72,177.72,24.19,1.41
sz,002191,劲嘉股份,商业用品与服务,1.56,161.28,0.68,116.75,42.19,2.76
sh,601666,平煤股份,煤炭,1.56,95.86,1.39,83.11,12.78,0
sz,300685,艾德生物,化学制剂,1.54,82.54,0.51,58.91,36.42,0.32
sz,002558,巨人网络,计算机软件,1.53,374.31,1.04,392.12,-3.8,0.92
sz,002643,万润股份,化学原料,1.53,119.55,0.08,92,28.71,1.38
sz,002340,格林美,有色金属,1.52,198.35,0.42,159.4,21.64,0.65
sh,600755,厦门国贸,工业贸易经销商,1.52,142.4,0.56,126.78,13.11,3.53
sh,600582,天地科技,专用设备,1.52,142.78,0.91,141.54,1.12,1.47
sz,000831,五矿稀土,有色金属,1.52,141.25,0.09,82.1,68.7,0
sh,600216,浙江医药,化学原料药,1.51,121.14,0.11,83.78,44.12,1.22
sz,002531,天顺风能,专用设备,1.5,127.2,0.08,79.17,57.74,0.86
sz,000096,广聚能源,石油天然气,1.5,60.14,1.27,48.84,21.88,0.18
sz,002110,三钢闽光,黑色金属,1.5,213.78,3,209.04,18.22,15.87
sz,000666,经纬纺机,投资信托,1.49,93.16,0.25,75.91,20.16,0.39
sh,600572,康恩贝,中药,1.46,189.11,0.31,158.17,17.79,2.2
sh,600754,锦江酒店,酒店餐饮与休闲,1.45,232.78,1.07,204.04,14.85,2.52
sz,002010,传化智联,物流,1.44,267.14,0.23,211.76,25.86,1.24
sz,000733,振华科技,电子设备及服务,1.44,92.3,0.19,56.32,60.55,0.29
sz,002013,中航机电,航天航空,1.43,253.69,1.01,234.92,4.74,0.44
sh,600329,中新药业,中药,1.43,112.56,0.12,95.65,17.28,1.53
sh,600909,华安证券,证券,1.43,245.14,0.9,170.91,41.15,0.91
sz,000066,中国长城,电脑与外围设备,1.42,389.45,0.24,139.17,170.59,0.39
sz,002020,京新药业,化学原料药,1.4,97.79,1.16,62.34,56.35,2.29
sz,002500,山西证券,证券,1.4,237.33,0.41,167.46,40.4,0.61
sh,600426,华鲁恒升,农用化工,1.4,273.93,5.43,195.57,49.65,1.12
sh,600260,凯乐科技,通信设备,1.39,137.7,1.03,121.3,11.03,0.86
sz,300036,超图软件,计算机软件,1.39,83.16,1.24,82.4,-1.92,0.42
sz,002099,海翔药业,化学原料药,1.38,122.7,0.16,73.17,72.88,3.96
sh,600277,亿利洁能,化学原料,1.38,133.11,0.3,155.02,-15.53,1.81
sh,601216,君正集团,化学原料,1.37,275.08,0.37,221.08,19.85,5.1
sz,002402,和而泰,电子设备及服务,1.37,128.32,0.07,52.89,129.07,0.28
sh,600256,广汇能源,石油天然气,1.36,237.79,0.29,253.32,-4.29,2.86
sh,600863,内蒙华电,电力公用事业,1.35,187.03,0.6,134.16,44.16,2.97
sz,300602,飞荣达,电子元器件,1.35,145.19,0.03,68.22,111.7,0.14
sz,002595,豪迈科技,专用设备,1.34,154.16,1.37,128,21.58,1.96
sz,002251,步步高,食品与主要用品零售,1.34,67.38,1.31,64.1,4.93,1.3
sz,000591,太阳能,电力公用事业,1.34,100.74,0.17,89.01,12.97,3.21
sz,002180,纳思达,半导体,1.32,309.03,0.82,243.77,22.89,0.29
sh,600486,扬农化工,农用化工,1.32,160.53,3.2,116.71,38.37,1.7
sz,002739,万达电影,传媒,1.31,361.02,1.34,384.52,-21.76,0
sh,603060,国检集团,商业用品与服务,1.31,72.63,0.15,42.9,70.25,0.81
sz,000829,天音控股,专营零售,1.3,60.89,1.06,58.21,0.89,0
sh,600897,厦门空港,交通基本设施,1.29,65.82,0.59,63.4,6.67,5.93
sz,300339,润和软件,信息技术服务,1.29,142.08,0.15,72.63,88.05,0
sh,601099,太平洋,证券,1.29,254.93,1.73,169.73,45.38,0
sh,600567,山鹰纸业,纸类与林业产品,1.29,149.92,2.36,142.6,1.92,0
sh,600446,金证股份,资本市场服务,1.28,212.96,0.3,81.06,150.42,0
sh,600012,皖通高速,交通基本设施,1.28,95.2,0.27,100.01,-2.84,4.44
sz,300098,高新兴,通信设备,1.28,140.4,1.01,119.28,13.89,0.26
sh,600655,豫园股份,专营零售,1.28,349.68,0.31,287.2,24.35,3.03
sh,601222,林洋能源,电气部件与设备,1.27,83.49,0.54,85.45,-1.45,3.81
sz,002028,思源电气,重型电气设备,1.27,88.34,0.49,75.03,17.59,0.87
sz,000027,深圳能源,电力公用事业,1.26,241.44,0.68,208.14,14.67,0.84
sh,600312,平高电气,电气部件与设备,1.26,101.77,0.77,109.64,-9.65,0.88
sz,300182,捷成股份,传媒,1.25,105.32,0.67,110.47,-6.99,0
sh,600338,西藏珠峰,有色金属,1.25,121.22,0.11,126.88,-7.79,0.22
sz,002262,恩华药业,化学制剂,1.25,132.83,1.67,92.01,41.56,0.47
sh,601689,拓普集团,汽车零配件与设备,1.25,125.86,1.15,107.54,17.35,2.47
sh,600348,阳泉煤业,煤炭,1.24,132.52,1.34,121.21,12.03,5.2
sz,000830,鲁西化工,农用化工,1.24,157.33,0.67,143.56,11.84,4.75
sh,603568,伟明环保,商业用品与服务,1.24,200.34,0.61,157.14,25.68,1.15
sh,600273,嘉化能源,化学原料,1.24,180.67,2.1,128.8,36.36,2.39
sz,002317,众生药业,中药,1.23,86.33,0.25,68.01,27.5,1.92
sh,601128,常熟银行,银行,1.23,203.1,0.97,138.93,21.28,2.48
sz,000826,启迪环境,商业用品与服务,1.21,144.92,0.82,148.64,-5.13,0.31
sh,603328,依顿电子,电子元器件,1.21,131.78,0.54,98.78,39.28,11.27
sz,002131,利欧股份,传媒,1.2,123.71,0.1,89.04,21.09,0
sz,300010,立思辰,信息技术服务,1.2,86.22,0.46,63.04,32.09,0
sz,002416,爱施德,专营零售,1.2,73.37,0.84,72.87,2.26,3.45
sh,601866,中远海发,水上运输,1.2,309.94,0.51,266.38,19.39,1.23
sz,000883,湖北能源,电力公用事业,1.2,270.71,0.56,238.82,15.11,2.67
sh,601878,浙商证券,证券,1.2,321.67,0.77,242,28.71,0.76
sz,300188,美亚柏科,信息技术服务,1.2,154.45,0.43,103.49,43.55,0.42
sz,002373,千方科技,信息技术服务,1.19,283.35,0.31,165.31,64.82,0.3
sh,600750,江中药业,中药,1.19,68.83,0.94,71.11,-2.68,2.18
sh,600020,中原高速,交通基本设施,1.19,102.7,0.23,82.48,23.04,2.47
sh,600233,圆通速递,物流,1.19,348.29,0.4,282.86,22.86,1.23
sz,000060,中金岭南,有色金属,1.18,155.28,0.79,141.36,8.67,1.89
sz,002252,上海莱士,生物科技,1.17,431.8,0.58,398.47,3.75,0
sz,002901,大博医疗,医疗保健设备与用品,1.17,172.35,0.23,118.93,48.26,1.16
sz,002168,惠程科技,计算机软件,1.17,73.06,0.2,80.52,-11.32,0
sh,600060,海信电器,家用电器,1.16,115.15,0.53,113.58,2.41,1.02
sz,300369,绿盟科技,互联网软件与服务,1.16,146.7,0.05,69.25,110.56,0.33
sh,601588,北辰实业,住宅地产开发和管理,1.16,118.18,0.73,91.25,30.92,3.49
sh,600452,涪陵电力,电力公用事业,1.15,63.97,0.16,35.5,80.92,0.78
sh,600563,法拉电子,电子元器件,1.15,90.99,1.74,94.82,-3.06,3.28
sz,000799,酒鬼酒,饮料,1.15,102.81,0.22,51.92,109.13,0.45
sz,002444,巨星科技,通用机械,1.15,127.52,0.72,101.93,22.47,0
sz,002332,仙琚制药,化学制剂,1.13,73.3,0.89,56.16,31.93,0.81
sh,600884,杉杉股份,电子设备及服务,1.13,126.76,1.35,145.06,-14.14,0.73
sh,601069,西部黄金,有色金属,1.13,104.37,0.27,94.57,6.2,0.06
sz,002185,华天科技,半导体,1.12,169.06,0.62,86.52,70.11,0.26
sz,300661,圣邦股份,半导体,1.12,158.5,0.02,54.46,189.03,0.18
sz,002310,东方园林,建筑与工程,1.12,146.09,1.37,186.91,-20.89,1.74
sz,000016,深康佳Ａ,家用电器,1.12,109.56,0.31,78.02,39.07,2.27
sz,002913,奥士康,电子元器件,1.11,82.87,0.08,58.76,36.84,0.83
sh,600236,桂冠电力,电力公用事业,1.11,373.62,1.28,340.76,15.21,4.07
sz,000034,神州数码,电子设备及服务,1.1,115.97,0.11,87.97,32.92,1.44
sz,000690,宝新能源,电力公用事业,1.1,127.07,0.79,146.44,-13.91,1.75
sz,300072,三聚环保,化学原料,1.09,172.23,0.39,231.29,-27.78,0.42
sh,600846,同济科技,建筑与工程,1.09,54.04,0.13,44.67,19.5,1.79
sh,603806,福斯特,光电子器件,1.09,233.34,0.09,140.06,66.73,1.02
sz,002327,富安娜,纺织品,1.09,60.69,0.37,65.42,-2.58,7.27
sz,300316,晶盛机电,专用设备,1.08,178.54,0.38,128.72,34.81,0.75
sz,002358,森源电气,电气部件与设备,1.07,80.05,0.24,165.5,-52.45,1.19
sh,601311,骆驼股份,汽车零配件与设备,1.07,88.89,0.63,74.91,14.03,1.51
sh,600418,江淮汽车,汽车,1.07,102.05,0.15,91.07,9.56,0
sz,002074,国轩高科,电气部件与设备,1.06,167.43,0.42,131.4,24.23,0.7
sz,002276,万马股份,电气部件与设备,1.06,60.68,0.05,52.19,13.1,0.35
sh,600728,佳都科技,信息技术服务,1.06,167.87,0.13,111.53,44.35,0.57
sz,300027,华谊兄弟,传媒,1.05,130.52,0.36,131.08,-3.41,0
sz,002249,大洋电机,通用机械,1.05,103.61,0.17,78.22,27.88,0
sh,600835,上海机电,重型电气设备,1.04,182.56,0.61,148.81,22.17,2.54
sh,600986,科达股份,互联网软件与服务,1.04,54.88,0.15,55.54,-4.53,0.25
sz,002080,中材科技,合成纤维,1.03,182.24,0.11,104.43,76.76,1.75
sz,000676,智度股份,互联网软件与服务,1.03,89.24,0.53,91.65,-10.16,0.35
sz,000732,泰禾集团,住宅地产开发和管理,1.02,162.77,0.15,174.47,-7.01,1.74
sz,000559,万向钱潮,汽车零配件与设备,1.02,152.8,0.51,140.96,9.19,3.69
sz,002042,华孚时尚,纺织品,1.02,113.95,0.42,82.5,43.63,4.75
sz,300458,全志科技,半导体,1.02,91.31,0.02,66.28,37.91,1.1
sz,000657,中钨高新,合成金属,1.02,67.06,0.59,46.82,44.36,0
sz,300349,金卡智能,电子设备及服务,1.01,69.18,1.47,69.12,-0.18,3.2
sh,600987,航民股份,纺织品,1.01,69.06,1.2,60.97,18.87,2.99
sz,000547,航天发展,通信设备,1.01,195.89,0.22,118.33,55.95,0
sz,002123,梦网集团,通信技术服务,1,148.57,0.02,57.8,145.16,0
sh,600023,浙能电力,电力公用事业,1,556.27,3.43,643.31,-11.31,4.47
sh,600017,日照港,交通基本设施,1,94.12,0.99,84.89,9.05,0.67
sh,600694,大商股份,百货商店,0.99,80.16,0.17,71.05,11.24,0
sz,000902,新洋丰,农用化工,0.99,142.19,0.11,116.89,21.7,1.87
sh,600622,光大嘉宝,住宅地产开发和管理,0.98,72.28,0.16,65.41,14.86,2.54
sh,600395,盘江股份,煤炭,0.98,89.37,0.35,82.92,13.34,7.55
sz,000828,东莞控股,交通基本设施,0.98,89.29,0.2,77.65,15.73,3.22
sz,002589,瑞康医药,药品流通,0.98,135.57,0.59,104.88,25.68,0.6
sz,000623,吉林敖东,化学制剂,0.97,192.48,0.39,167.79,13.12,1.24
sh,601000,唐山港,交通基本设施,0.97,155.26,0.64,141.04,10.73,2.72
sh,601168,西部矿业,有色金属,0.97,143.22,0.39,138.69,0.52,0
sh,600114,东睦股份,通用机械,0.97,47.58,0.86,40.48,23.68,8.22
sh,600123,兰花科创,煤炭,0.96,78.6,0.95,74.48,7.43,4.46
sh,603585,苏利股份,农用化工,0.96,41.71,0.19,37.03,13.73,2.63
sz,300251,光线传媒,传媒,0.96,254.34,1.65,222.95,12.15,0.59
sz,300418,昆仑万维,计算机软件,0.95,155.97,0.42,148.14,1.79,0
sz,002078,太阳纸业,纸类与林业产品,0.95,213.03,0.8,147.78,46.21,1.22
sz,000918,嘉凯城,住宅地产开发和管理,0.94,116.55,0.28,137.48,-16.01,0
sz,002701,奥瑞金,容器与包装,0.94,116.82,0.47,119.17,-3.75,2.22
sh,600990,四创电子,通信设备,0.93,88.54,0.27,54.58,58.22,0.31
sz,000620,新华联,住宅地产开发和管理,0.92,83.08,0.21,74.16,16.99,4.59
sz,300113,顺网科技,互联网软件与服务,0.92,134.69,0.47,88.24,47.6,0
sh,603898,好莱客,耐用家居用品,0.92,47.99,0.19,49.07,0.39,2.46
sz,000031,大悦城,住宅地产开发和管理,0.92,275.6,0.85,88.51,44.67,1.58
sz,300633,开立医疗,医疗保健设备与用品,0.91,107.64,0.02,110.2,-4.32,0.25
sh,600580,卧龙电驱,电气部件与设备,0.91,117.94,0.94,81.48,42.23,1.7
sh,601636,旗滨集团,非金属材料与制品,0.91,101.34,0.37,102.16,3.93,8.22
sz,000718,苏宁环球,住宅地产开发和管理,0.9,117.74,1.34,96.5,28.83,7.94
sz,300180,华峰超纤,化学制品,0.9,185.88,0.66,126.65,50.14,0.21
sh,600285,羚锐制药,中药,0.9,52.72,0.04,44.1,16.06,1.75
sh,600970,中材国际,专用设备,0.9,110.29,0.29,95.15,17.48,4.29
sh,603868,飞科电器,家用电器,0.89,163.05,0.51,166.31,1.88,4.01
sh,600500,中化国际,非金属材料与制品,0.88,145.96,1.46,142.48,2.82,2.19
sh,600350,山东高速,交通基本设施,0.88,218.43,1.13,219.39,2.13,4.99
sz,300257,开山股份,通用机械,0.88,87.95,1.03,85.71,1.65,0.99
sh,600180,瑞茂通,物流,0.88,85.18,0.16,71.66,16.4,0.57
sz,300001,特锐德,重型电气设备,0.87,171.68,0.98,174.87,-3.43,0.06
sz,002004,华邦健康,农用化工,0.87,97.02,0.7,93.81,8.42,4.6
sz,000560,我爱我家,其他房地产服务,0.87,111.42,0.11,110,-0.06,1.52
sz,002085,万丰奥威,汽车零配件与设备,0.87,159.64,0.89,169.48,-4.17,4.25
sz,300115,长盈精密,电子元器件,0.86,143.76,0.13,74.52,88.79,0.65
sh,600122,宏图高科,专营零售,0.86,35.56,0.28,42.04,-18.73,0
sz,002920,德赛西威,电子设备及服务,0.86,147.4,0.03,95.43,53.59,0.76
sz,002128,露天煤业,煤炭,0.85,167.37,0.23,117.02,18.99,4.69
sz,000900,现代投资,交通基本设施,0.84,71.03,0.79,59.04,21.54,3.28
sz,002517,恺英网络,计算机软件,0.84,68.67,0.33,79.86,-17.52,0
sz,002292,奥飞娱乐,休闲设备与用品,0.84,93.24,0.07,76.82,17.49,0
sz,000009,中国宝安,工业集团企业,0.84,125.35,0.71,92.64,31.7,0.35
sz,002912,中新赛克,互联网软件与服务,0.82,116.26,0.14,86.51,32.69,0.61
sh,600598,北大荒,农牧渔产品,0.82,182.39,0.59,152.17,21.83,3.98
sz,000933,神火股份,有色金属,0.82,90.84,0.05,74.12,18.9,0.32
sh,603198,迎驾贡酒,饮料,0.82,149.92,0.5,112.88,39.15,3.72
sh,600826,兰生股份,工业贸易经销商,0.81,49,0.11,40,21.74,1.49
sh,600388,龙净环保,商业用品与服务,0.81,115.89,0.25,108.51,6.06,1.6
sh,600993,马应龙,中药,0.8,75.91,0.42,57.85,29.42,0.87
sh,600978,宜华生活,耐用家居用品,0.8,52.35,0.55,60.8,-15.46,0.78
sz,002019,亿帆医药,化学制剂,0.8,166.3,0.41,129.15,24.12,2.98
sz,300406,九强生物,生物科技,0.8,95.34,0.11,49.33,88.18,0.82
sh,601005,重庆钢铁,黑色金属,0.79,170.35,0.59,173.02,-2.06,0
sh,600410,华胜天成,信息技术服务,0.79,138.55,0.19,64.6,122.18,0
sz,002124,天邦股份,农牧渔产品,0.79,147.5,0.73,78.85,88.82,0
sz,300226,上海钢联,互联网软件与服务,0.79,126.48,0.02,72.46,70.1,0.06
sz,300170,汉得信息,信息技术服务,0.79,126.92,0.9,85.38,40.49,0.22
sh,600295,鄂尔多斯,有色金属,0.78,114.54,0.34,77.4,10.51,1.84
sh,600673,东阳光,有色金属,0.78,236.89,0.21,219.41,6.41,0.91
sz,002773,康弘药业,中药,0.78,302.69,0.24,229.47,32.68,0.62
sz,000926,福星股份,住宅地产开发和管理,0.78,64.87,0.3,58.9,9.08,1.52
sh,603156,养元饮品,饮料,0.77,309.94,0.12,313.21,5.65,7.4
sh,600711,盛屯矿业,工业贸易经销商,0.77,132.02,0.4,83.66,20.24,0.39
sh,600210,紫江企业,容器与包装,0.77,58.24,0.17,55.21,7.55,3.98
sz,300284,苏交科,商业用品与服务,0.77,90.92,0.38,83.95,9.24,1.25
sz,000400,许继电气,重型电气设备,0.77,90.65,0.92,89.64,-1.28,0.55
sz,000564,供销大集,百货商店,0.77,145.99,0.3,152,-7.11,0
sh,600828,茂业商业,百货商店,0.77,85.56,0.11,81.23,3.62,6.28
sz,002699,美盛文化,休闲设备与用品,0.77,53.85,0.75,49.84,4.74,0
sz,000738,航发控制,航天航空,0.76,173.34,0.26,138.16,21.67,0.27
sh,600439,瑞贝卡,个人用品,0.76,38.37,0.31,30,26.02,1.52
sz,000717,韶钢松山,黑色金属,0.76,98.72,0.74,110.09,-12.53,0
sz,002461,珠江啤酒,饮料,0.76,139.88,0.16,97.39,41.82,1.63
sz,001965,招商公路,交通基本设施,0.76,509.08,4.25,496.11,3.82,3.14
sz,002925,盈趣科技,电子设备及服务,0.75,200.08,0.03,201.2,-0.85,2.35
sz,002489,浙江永强,休闲设备与用品,0.74,76.8,0.11,57.44,32.55,1.74
sh,600409,三友化工,化学原料,0.74,113.75,0.39,118.08,-2.55,4.31
sz,002509,天广中茂,建筑与工程,0.74,44.86,0.1,59.07,-27.43,0.87
sz,002597,金禾实业,化学原料,0.74,115.22,2.39,88.79,29.91,1.77
sh,600765,中航重机,航天航空,0.74,88.77,0.33,57.88,45.82,0.4
sh,603885,吉祥航空,航空运输,0.74,254.03,0.55,225.17,1.12,0
sh,600587,新华医疗,医疗保健设备与用品,0.74,68.28,0.33,53.08,24.38,0.28
sz,300145,中金环境,通用机械,0.74,73.48,0.07,62.51,12.92,0
sh,601869,长飞光纤,通信设备,0.73,272.09,0.05,301.42,-11.26,0.71
sz,002382,蓝帆医疗,医疗保健设备与用品,0.73,133.33,0.34,143.26,-7.99,0.29
sz,002063,远光软件,计算机软件,0.73,90.97,0.03,46.04,90.81,0.49
sz,002174,游族网络,计算机软件,0.73,145.09,1.68,165.17,-10.22,0.46
sz,002035,华帝股份,耐用家居用品,0.72,97.42,1.59,78.02,24.49,2.79
sh,600717,天津港,交通基本设施,0.72,128.62,0.28,118.41,8.34,1.43
sh,601515,东风股份,商业用品与服务,0.72,103.42,0.73,78.95,33.06,5.54
sh,600597,光明乳业,食品,0.72,135.43,0.3,102.37,31.41,0.92
sh,600197,伊力特,饮料,0.72,70.78,0.14,57.46,23.37,2.22
sh,600967,内蒙一机,专用设备,0.72,194.31,0.32,175.72,7.33,0.29
sz,000049,德赛电池,电子设备及服务,0.71,84.25,0.5,58.86,50.71,0.58
sz,000869,张裕Ａ,饮料,0.71,204.34,0.39,178.22,14.17,2.06
sz,000543,皖能电力,电力公用事业,0.7,108.36,0.93,85.76,-1.14,0.74
sz,300357,我武生物,化学制剂,0.7,186.92,0.03,107.6,75.36,0.39
sz,000969,安泰科技,有色金属,0.69,78.08,0.17,46.68,63.96,0
sz,000712,锦龙股份,证券,0.69,119.8,0.18,81.36,42.73,0.77
sh,603486,科沃斯,家用电器,0.69,143.84,0.18,184.17,-24.27,1.16
sz,002390,信邦制药,中药,0.69,99.03,0.61,68.19,44.5,0
sz,300287,飞利信,信息技术服务,0.69,62.15,0.21,54.25,8.99,0
sz,002611,东方精工,汽车零配件与设备,0.69,86.6,0.05,68.95,24,0
sz,002640,跨境通,专营零售,0.68,129.78,0.45,168.27,-24.5,0.55
sz,002625,光启技术,汽车零配件与设备,0.68,211.58,0.83,213.3,-5.45,0
sz,300297,蓝盾股份,信息技术服务,0.68,85.11,0.2,58.75,27.91,0.5
sz,000723,美锦能源,煤炭,0.68,484.42,0.27,131.33,232.4,1.9
sz,000910,大亚圣象,纸类与林业产品,0.67,65.26,0.18,57.12,14.58,1.11
sz,300459,金科文化,计算机软件,0.67,95.68,0.2,144.89,-35.43,1.43
sz,002530,金财互联,互联网软件与服务,0.67,87.78,0.06,51.74,59.33,0
sz,000998,隆平高科,农牧渔产品,0.67,172.39,2.29,194.91,-12.58,1.57
sh,600879,航天电子,航天航空,0.67,180.56,1.2,147.11,19.22,0
sh,603337,杰克股份,专用设备,0.66,94.72,0.66,112.84,-14.07,1.69
sz,000793,华闻传媒,传媒,0.65,65.91,0.17,59.32,6.4,0
sh,601567,三星医疗,电气部件与设备,0.65,92.76,0.3,79.83,21.24,4.63
sh,600901,江苏租赁,消费金融,0.65,189.65,0.27,176.51,8.37,3.22
sz,002383,合众思壮,通信设备,0.65,89.34,0.09,88.15,-3.55,0
sz,000429,粤高速Ａ,交通基本设施,0.64,158.9,0.61,175.42,-3.79,7.43
sh,600172,黄河旋风,非金属材料与制品,0.64,49.78,0.2,45.03,7.87,0
sz,300352,北信源,计算机软件,0.64,112.36,0.01,47.7,118.28,0.14
sh,603728,鸣志电器,电气部件与设备,0.64,53.5,0.31,52.62,0.25,0.32
sh,600559,老白干酒,饮料,0.64,111.26,0.43,82.32,30.53,1.26
sh,600664,哈药股份,化学制剂,0.64,104.47,0.83,100.53,2.28,0
sz,002320,海峡股份,水上运输,0.64,88.27,0.16,88.83,-3,1.17
sz,000156,华数传媒,传媒,0.64,150.36,0.33,113.66,30.99,2.17
sz,002217,合力泰,光电子器件,0.64,205.37,0.23,145.85,36.62,0.69
sz,002038,双鹭药业,生物科技,0.64,148.86,1.94,169.92,-14.31,1.44
sz,002029,七匹狼,服装与配饰,0.63,46.02,1.46,46.85,-2.06,1.67
sz,002831,裕同科技,容器与包装,0.63,193.58,1.44,160.24,22.37,1.26
sh,600039,四川路桥,建筑与工程,0.63,124.2,0.31,118.43,3.28,1.5
sz,002091,江苏国泰,工业贸易经销商,0.63,90.22,0.61,87.96,3.47,3.57
sh,600641,万业企业,住宅地产开发和管理,0.63,99.88,0.69,73.2,35.65,1.62
sh,601811,新华文轩,传媒,0.62,180.76,0.06,114.87,58.49,2.08
sh,600116,三峡水利,电力公用事业,0.62,77.26,0.19,72.69,5.92,1.31
sz,002368,太极股份,信息技术服务,0.62,140.94,0.31,96.33,40.46,0.71
sz,000008,神州高铁,专用设备,0.62,102.33,0.11,109.63,-7.99,0.28
sz,000681,视觉中国,传媒,0.61,156.72,0.55,163.37,-5.91,0.21
sz,300699,光威复材,合成纤维,0.61,216.05,0.09,132.55,58.8,0.89
sh,600363,联创光电,光电子器件,0.61,57.65,0.14,35.48,62.12,0.4
sh,600742,一汽富维,汽车零配件与设备,0.61,64.47,0.38,50.66,34.1,4.72
sz,000563,陕国投Ａ,投资信托,0.61,178.38,0.19,106.24,63.41,0.46
sh,600021,上海电力,电力公用事业,0.6,213.56,0.4,211.99,3.56,4.09
sz,300451,创业慧康,计算机软件,0.6,123.16,0.11,92.96,29.9,0.2
sz,002619,艾格拉斯,互联网软件与服务,0.6,58.3,0.26,62.17,-10.09,0
sh,600100,同方股份,电脑与外围设备,0.6,286.02,0.96,288.39,-4.32,0
sz,000012,南玻Ａ,非金属材料与制品,0.6,144.84,0.21,114.24,26.37,1
sh,601003,柳钢股份,黑色金属,0.59,146.08,1.59,168.38,-7.55,10.85
sz,000960,锡业股份,有色金属,0.59,183.73,0.15,159.2,12.47,0
sz,000970,中科三环,电子元器件,0.59,111.21,0.64,78.08,40.77,0.88
sz,002429,兆驰股份,家用电器,0.59,136.26,0.11,86.01,53.68,0
sz,000750,国海证券,证券,0.59,223,0.87,183.8,19.45,0.39
sh,601339,百隆东方,纺织品,0.59,61.05,0.8,82.95,-27.05,2.22
sh,603588,高能环境,商业用品与服务,0.59,68.14,0.27,51.85,26.89,0.5
sz,002056,横店东磁,电子元器件,0.59,117.68,0.19,90.89,28.2,2.15
sh,600291,西水股份,保险,0.59,108.54,0.43,112.48,-5.39,0.16
sz,000158,常山北明,纺织品,0.59,98.51,0.53,86.28,10.15,0
sz,002237,恒邦股份,有色金属,0.59,145.21,0.74,76.29,84.01,0
sz,300002,神州泰岳,互联网软件与服务,0.59,80.01,0.21,64.72,18.18,0
sz,002155,湖南黄金,有色金属,0.58,115.88,0.37,94.36,19.13,0.43
sz,000501,鄂武商Ａ,百货商店,0.58,79.82,0.14,72.9,9.68,1.96
sh,600525,长园集团,电气部件与设备,0.58,83.52,0.43,58.02,39.5,0
sh,603128,华贸物流,物流,0.58,76.51,0.24,53.84,38.63,1.34
sh,601200,上海环境,复合型公用事业,0.58,111.7,0.36,93.23,18.45,0.54
sh,600648,外高桥,工业贸易经销商,0.58,212.08,0.14,156,34.36,1.2
sh,603803,瑞斯康达,通信设备,0.58,63.07,0.06,42.65,44.93,0.82
sz,002709,天赐材料,化学原料,0.58,97.93,0.42,73.53,28.59,0.36
sh,600682,南京新百,百货商店,0.58,163.96,0.59,113.5,41.46,0
sz,002839,张家港行,银行,0.58,102.85,0.11,96.7,6.65,2.7
sz,002430,杭氧股份,专用设备,0.58,138.81,1.16,90.19,47.24,1.33
sz,300037,新宙邦,化学原料,0.57,97.47,1.12,91.25,4.9,0.68
sz,002344,海宁皮城,房地产租赁,0.56,57.72,0.61,58.36,-3.09,0.48
sz,000800,一汽轿车,汽车,0.56,144.68,0.5,107.74,30.77,0.35
sz,300199,翰宇药业,化学制剂,0.56,76.56,0.09,86.71,-14.35,0
sz,002093,国脉科技,通信技术服务,0.56,98.74,0.06,73.45,30.68,0.16
sz,002375,亚厦股份,建筑与工程,0.56,75.84,0.11,67.54,10.15,0.76
sh,600528,中铁工业,专用设备,0.56,239.48,1.42,233.26,1.8,1.09
sh,600326,西藏天路,建筑与工程,0.56,62.31,0.76,56.08,11.17,1.12
sz,000878,云南铜业,有色金属,0.55,186.62,0.16,112.32,34.68,0
sh,600736,苏州高新,住宅地产开发和管理,0.55,75.76,0.46,60.56,20.34,0
sz,300168,万达信息,计算机软件,0.55,161.84,0.52,131.82,23.77,0.17
sh,600056,中国医药,药品流通,0.55,145.74,0.22,134.31,9.16,3.26
sz,000818,航锦科技,化学原料,0.55,69.55,0.05,63.69,7.63,1.53
sh,600491,龙元建设,建筑与工程,0.55,111.21,0.45,103.56,7.6,0.83
sz,300398,飞凯材料,化学制品,0.55,71.75,0.06,67,3.99,0.61
sh,601158,重庆水务,水公用事业,0.55,277.44,0.29,266.88,7.48,4.92
sh,603599,广信股份,农用化工,0.54,68.21,0.1,48.79,37.99,1.22
sz,002653,海思科,化学制剂,0.54,211.66,0.08,128.44,62.31,1
sz,002618,丹邦科技,电子元器件,0.54,78.35,0.2,75.45,-0.11,0.04
sh,600499,科达洁能,专用设备,0.54,69.55,0.36,63.72,6.44,0
sz,300232,洲明科技,光电子器件,0.53,89.51,0.11,72.62,19.09,0.53
sz,300055,万邦达,商业用品与服务,0.53,57.1,0.33,66.36,-16.38,0.23
sh,601019,山东出版,传媒,0.53,157.35,0.34,163.2,-1.8,3.92
sh,600685,中船防务,专用设备,0.53,275.63,0.12,135.13,101.88,0
sh,600343,航天动力,通用机械,0.52,67.2,0.15,48.5,34.69,0.49
sz,300026,红日药业,中药,0.52,104.78,0.13,91.84,12.14,0.59
sh,600252,中恒集团,中药,0.52,103.91,0.23,89.31,17.12,2.03
sz,002573,清新环境,商业用品与服务,0.52,79.26,0.09,78.07,-0.43,1.41
sh,603260,合盛硅业,化学制品,0.52,289.37,0.69,293.46,-1.79,1.95
sz,000685,中山公用,水公用事业,0.52,123.02,0.38,103.26,18.31,1.71
sz,002484,江海股份,电子元器件,0.51,58.28,0.51,50.21,12.62,1.17
sz,300474,景嘉微,电子设备及服务,0.51,152.76,0.03,108.99,34.77,0.37
sz,300365,恒华科技,计算机软件,0.51,89.36,0.02,84.05,4.31,0.32
sh,601789,宁波建工,建筑与工程,0.51,38.26,0.1,30.26,24.57,1.84
sz,000697,炼石航空,航天航空,0.51,93.89,0.49,83.21,10.9,0
sz,000592,平潭发展,纸类与林业产品,0.51,60.85,0.54,51.58,12.73,0
sz,002665,首航节能,通用机械,0.51,91.14,0.11,71.34,21.71,0
sh,600718,东软集团,计算机软件,0.51,155.92,1.73,143.49,4.16,0
sz,002698,博实股份,专用设备,0.5,106.65,0.08,60.6,75.33,0.91
sz,000937,冀中能源,煤炭,0.5,130.39,0.23,133.21,-2.07,2.78
sz,002309,中利集团,电气部件与设备,0.5,61.81,0.11,72.71,-18.35,0
sh,600335,国机汽车,专营零售,0.5,101.54,0.19,64.26,10.95,2.22
sh,600611,大众交通,陆运,0.5,100.95,0.23,94.33,7.92,2.86
sh,600803,新奥股份,可替代能源,0.5,141.5,0.12,122.2,19.77,1.8
sz,002807,江阴银行,银行,0.5,98.17,0.05,89.79,5.84,0.94
sz,002867,周大生,服装与配饰,0.5,159.57,0.2,134.11,19.76,2.02
sz,000792,*ST盐湖,农用化工,0.5,205.33,1.33,194.47,4.73,0
sz,000059,华锦股份,石油天然气,0.5,97.25,0.14,95.01,4.03,4.2
sz,002670,国盛金控,证券,0.5,247.69,3.22,195.06,22.42,0
sh,600675,中华企业,住宅地产开发和管理,0.49,290.18,0.03,283.47,4.44,3.19
sh,600284,浦东建设,建筑与工程,0.49,64.62,0.69,48.12,33.46,2.31
sz,002048,宁波华翔,汽车零配件与设备,0.49,93.62,0.23,65.32,40.42,1.04
sh,600105,永鼎股份,通信设备,0.49,56.43,0.06,48.37,17.32,3.42
sz,000035,中国天楹,商业用品与服务,0.49,148.52,0.16,70.28,14.42,0
sz,002544,杰赛科技,通信技术服务,0.49,80.3,0.03,61.8,27.58,0.22
sz,002672,东江环保,商业用品与服务,0.48,91.27,0.09,101.48,-10.13,1.38
sz,002449,国星光电,光电子器件,0.48,75.21,0.16,64.2,17.3,2.52
sz,002280,联络互动,计算机软件,0.48,81.21,0.1,84.26,-8.01,0
sh,600502,安徽建工,建筑与工程,0.48,77.8,0.22,61.27,27.67,3.41
sz,002505,大康农业,农牧渔产品,0.48,106.42,0.18,88.86,16.05,0
sz,002030,达安基因,生物科技,0.48,88.19,0.2,81.02,6.02,0.38
sz,000990,诚志股份,化学制品,0.48,215.02,0.35,150.49,35.64,0
sz,000426,兴业矿业,有色金属,0.48,110.6,0.14,93.05,16.67,0.35
sz,002023,海特高新,航天航空,0.48,96.19,0.28,78.33,19.13,0
sz,002244,滨江集团,住宅地产开发和管理,0.48,127.88,0.42,123.84,2.14,1.5
sz,002192,融捷股份,电子设备及服务,0.48,46.74,0.05,47.36,-3.51,1.18
sh,603660,苏州科达,家用电器,0.47,65.7,0.16,60.03,6.48,0.57
sh,600874,创业环保,水公用事业,0.47,110.75,0.15,117.75,-7.46,1.41
sh,600483,福能股份,电力公用事业,0.47,141.84,0.37,131.91,9.61,2.31
sh,601801,皖新传媒,传媒,0.47,119.15,0.22,132.88,-10.52,3.01
sh,600185,格力地产,住宅地产开发和管理,0.47,104.25,0.27,83.43,21.48,6.1
sh,600073,上海梅林,食品,0.47,87.58,0.52,69.86,23.06,1.1
sz,000980,众泰汽车,汽车零配件与设备,0.46,78.47,0.2,87.8,-13.86,0
sz,300355,蒙草生态,建筑与工程,0.46,60.32,0.06,62.41,-3.15,0.48
sz,000040,东旭蓝天,电力公用事业,0.46,82.52,0.15,107.5,-25.13,1.4
sz,000021,深科技,电脑与外围设备,0.46,188.47,0.96,84.6,131.27,0.76
sh,603228,景旺电子,电子元器件,0.46,301.19,0.36,205.46,38.85,1.1
sh,600577,精达股份,电气部件与设备,0.46,54.76,0.06,58.07,-5.5,1.44
sz,000062,深圳华强,电子设备及服务,0.46,161.49,0.64,120.17,39.59,1.1
sh,600635,大众公用,燃气公用事业,0.46,159.43,0.3,138.47,14.33,1.13
sh,600693,东百集团,百货商店,0.45,46.8,0.19,47.16,-2.1,0
sz,000639,西王食品,食品,0.45,59.26,0.02,49.42,17.76,1.07
sz,001696,宗申动力,汽车,0.44,72.14,0.22,49.92,44.65,3.78
sz,000719,中原传媒,传媒,0.44,75.51,0.68,80.53,-5.97,3.49
sz,300348,长亮科技,计算机软件,0.44,101.46,0.28,52.83,94.01,0.48
sz,300373,扬杰科技,半导体,0.44,83.95,0.37,68.19,17.02,1.53
sz,000061,农产品,食品与主要用品零售,0.44,93.5,0.13,82.3,11.13,0.19
sz,002603,以岭药业,中药,0.44,139.93,0.1,126.18,10.6,0.87
sz,002681,奋达科技,家用电器,0.44,99.47,0.04,75.57,24.32,0
sz,002376,新北洋,电脑与外围设备,0.44,92.33,1.33,102.12,-10.27,1.48
sz,300618,寒锐钴业,有色金属,0.43,177.68,0.02,142.23,21.42,1.14
sz,300078,思创医惠,电子设备及服务,0.43,103.01,0.09,80.3,25.7,0.14
sz,000710,贝瑞基因,生物科技,0.43,121.06,3.01,113.12,3.23,0
sh,600965,福成股份,农牧渔产品,0.43,74.5,0.1,81.79,-7.71,1.65
sz,000667,美好置业,住宅地产开发和管理,0.43,71.3,0.54,63.99,14,0
sh,600623,华谊集团,化学制品,0.42,162.53,0.22,171.09,-3.55,3.45
sz,000090,天健集团,建筑与工程,0.42,102.77,0.02,66.12,59.62,3.57
sh,601016,节能风电,电力公用事业,0.42,106.8,0.34,96.41,10.05,1.85
sh,600814,杭州解百,百货商店,0.42,37.11,0.19,36.32,1.15,1.28
sh,600933,爱柯迪,汽车零配件与设备,0.42,93.64,0.01,65.14,47.99,2.07
sz,002626,金达威,食品,0.42,89.88,0.05,74.1,27.26,5.55
sz,002203,海亮股份,有色金属,0.42,205.56,0.26,153.46,31.73,0.69
sz,300064,豫金刚石,非金属材料与制品,0.41,47.5,0.05,53.76,-16.1,0.38
sh,601828,美凯龙,专营零售,0.41,399.73,0.72,391.92,2.92,2.43
sz,002610,爱康科技,电子元器件,0.41,78.56,0.02,70.49,7.64,0
sh,600811,东方集团,消费品经销商,0.41,130.75,0.2,135.95,-6.28,0.61
sh,601991,大唐发电,电力公用事业,0.41,518.19,0.5,582.96,-9.57,3.64
sh,600776,东方通信,通信设备,0.41,296.42,0.2,144.06,101.36,0.26
sz,300294,博雅生物,生物科技,0.4,134.33,0.74,116.95,14.2,0.5
sz,000301,东方盛虹,电力公用事业,0.4,219.99,0.11,219.99,1.77,1.83
sh,600420,现代制药,化学制剂,0.4,95.69,0.35,96.54,-3.08,1.14
sh,601678,滨化股份,化学原料,0.4,92.66,0.19,65.17,40.2,2.58
sz,000537,广宇发展,住宅地产开发和管理,0.4,126.84,0.67,139.5,-9.66,1.96
sh,600239,云南城投,住宅地产开发和管理,0.4,50.42,0.32,46.24,9.3,3.01
sz,300679,电连技术,电子元器件,0.39,111.59,0.1,58.9,88.31,0.23
sz,300523,辰安科技,互联网软件与服务,0.39,89.94,0.04,85.68,-1.53,0.34
sh,601002,晋亿实业,通用机械,0.39,51.84,0.12,42.41,17.76,0
sz,002399,海普瑞,化学原料药,0.39,263.66,0.78,287.48,-8.52,0.48
sz,002638,勤上股份,光电子器件,0.39,47.69,0.32,39.03,19.84,0
sz,002364,中恒电气,电气部件与设备,0.39,69.77,0.05,66.28,3.57,0.83
sz,002498,汉缆股份,电气部件与设备,0.39,99.47,0.09,66.2,48.04,1.24
sh,600661,昂立教育,其他消费者服务,0.38,56.05,0.26,56.05,-3.02,0
sz,300053,欧比特,电子元器件,0.38,87.42,0.08,57.3,47.32,0.17
sz,002635,安洁科技,电脑与外围设备,0.38,103.31,0.15,83.61,29.38,0.69
sz,002409,雅克科技,化学原料,0.38,91.41,0.14,64.2,39.02,0.47
sh,600871,石化油服,石油天然气,0.38,476.51,0.01,347.41,34.97,0
sz,300476,胜宏科技,电子元器件,0.38,118.28,0.21,90.06,28.86,1.13
sz,002818,富森美,房地产租赁,0.38,96.53,0.09,92.53,5.88,3.95
sz,300567,精测电子,电子设备及服务,0.38,125.15,0.2,82.59,47.01,0.68
sz,300212,易华录,信息技术服务,0.38,163.73,0.15,93.67,73.64,0.45
sh,600850,华东电脑,信息技术服务,0.37,120.03,0.57,66.87,79.14,1.3
sz,002408,齐翔腾达,化学原料,0.37,132.79,0.08,121.42,13.82,1.17
sh,603711,香飘飘,饮料,0.37,136.41,0.08,89.11,53.29,0.77
sz,300323,华灿光电,光电子器件,0.37,66.81,0.1,79.44,-16.76,0.75
sz,002434,万里扬,汽车零配件与设备,0.37,96.21,0.09,88.97,9.91,2.12
sz,002064,华峰氨纶,合成纤维,0.37,87.7,0.26,70.26,23.85,0.58
sh,603609,禾丰牧业,农牧渔产品,0.37,128.29,0.25,64.42,81.72,1.3
sh,600761,安徽合力,专用设备,0.37,73.13,0.54,64.77,12.8,3.67
sz,002002,鸿达兴业,化学制品,0.37,125.29,0.17,74.56,62.39,1.3
sh,600299,安迪苏,化学制剂,0.36,291.79,0.1,307.88,-6.17,1.63
sz,000099,中信海直,航空运输,0.36,50,0.27,34.18,41.46,0.31
sz,002407,多氟多,化学原料,0.36,97.32,0.14,77.01,28.89,2.54
sh,603157,拉夏贝尔,服装与配饰,0.36,30.51,0.02,46.88,-37.15,4.65
sh,600171,上海贝岭,半导体,0.36,121.2,0.31,65.34,73.68,0.28
sh,603355,莱克电气,家用电器,0.36,91.03,0.13,86.22,7.48,9.71
sz,002293,罗莱生活,纺织品,0.36,77.38,0.08,65.26,21.49,3.95
sz,300266,兴源环境,商业用品与服务,0.36,65.08,0.09,55.22,13.31,0
sh,601001,大同煤业,煤炭,0.36,74.48,1.05,71.47,2.11,0
sh,600167,联美控股,复合型公用事业,0.36,269.54,0.21,159.11,76.08,0.96
sh,603298,杭叉集团,专用设备,0.35,76.74,0.13,73.15,4.58,2.48
sh,600649,城投控股,住宅地产开发和管理,0.35,148.99,1,138.37,5.86,0.87
sh,601858,中国科传,传媒,0.35,99.84,0.1,69.09,41.53,0.88
sz,002792,通宇通讯,通信设备,0.35,95.41,0.14,68.96,36.4,0.1
sz,002675,东诚药业,化学原料药,0.35,104.21,0.17,63.13,63.32,0.38
sh,603686,龙马环卫,专用设备,0.35,53.53,0.29,32.47,65.04,1.51
sz,000735,罗牛山,农牧渔产品,0.35,121.83,0.47,111.24,5.3,0.2
sz,000078,海王生物,药品流通,0.35,99.18,0.11,78.87,17.11,0.58
sh,601326,秦港股份,交通基本设施,0.35,186.06,0.22,175.44,5.75,2.37
sz,000541,佛山照明,家用电器,0.34,74.45,0.17,72.49,3.01,3.01
sh,603000,人民网,互联网软件与服务,0.34,297.21,0.13,80.72,249.14,0.51
sz,300237,美晨生态,建筑与工程,0.34,49.55,0.06,52.75,-9.37,0
sz,002815,崇达技术,电子元器件,0.34,184.34,0.66,121.44,46.73,1.59
sz,002424,贵州百灵,中药,0.34,131.95,0.06,123.48,4.68,0.88
sz,002737,葵花药业,中药,0.34,88.65,1.69,86.32,6.22,6.74
sz,002596,海南瑞泽,建筑材料,0.34,79.18,0.15,64.13,9.96,0.12
sh,600162,香江控股,商业地产开发和管理,0.33,83.2,0.26,74.11,15.58,3.08
sz,002097,山河智能,专用设备,0.33,66.7,0.06,58.61,9.26,1.68
sz,002570,贝因美,食品,0.33,58.28,0.28,50.72,10.48,0
sh,600366,宁波韵升,电子元器件,0.32,72.4,0.27,50.23,46.08,1.38
sz,002470,金正大,农用化工,0.32,116,2.47,207.97,-47.31,0
sh,603626,科森科技,有色金属,0.32,33.12,0.07,31.71,7.36,3.15
sh,600387,海越能源,石油天然气,0.32,36.7,0.93,37.11,-3.73,0.8
sh,600477,杭萧钢构,建筑产品,0.32,65.11,0.14,64.46,1.36,2.82
sz,002491,通鼎互联,通信设备,0.32,98.4,0.08,99.41,-3.31,0.66
sh,601908,京运通,专用设备,0.32,66.24,0.31,62.85,3.56,2.19
sh,601038,一拖股份,专用设备,0.32,83.9,0.16,47.91,65.64,0
sz,002446,盛路通信,通信设备,0.31,94.41,0.02,60.28,28.65,0.3
sh,600120,浙江东方,工业贸易经销商,0.31,144.25,0.01,109.82,29,0.62
sh,600777,新潮能源,石油天然气,0.31,151.65,0.08,129.89,15.18,0
sz,000758,中色股份,有色金属,0.31,94.73,0.36,71.88,28.06,0.32
sz,000553,安道麦A,农用化工,0.31,241.47,0.12,223.37,6.06,1.01
sh,603025,大豪科技,电脑与外围设备,0.31,86.1,0.29,102.79,-15.79,3.29
sz,000727,华东科技,电子元器件,0.31,106.44,0.17,66.58,53.74,0
sz,000683,远兴能源,化学原料,0.3,97.33,0.28,94.25,1.69,0
sz,300409,道氏技术,非金属材料与制品,0.3,60.72,0.21,58.79,-0.1,1.16
sz,000959,首钢股份,黑色金属,0.3,186.19,0.63,197.29,-7.24,0
sz,000756,新华制药,化学原料药,0.3,45.15,0.06,34.51,28.61,1.42
sh,600645,中源协和,生物科技,0.3,91.07,0.25,71.48,15.52,0
sh,603108,润达医疗,生物科技,0.3,62.47,0.53,41.67,51.8,0.88
sz,000555,神州信息,信息技术服务,0.3,125.34,0.11,89.98,30.6,0.29
sh,603877,太平鸟,服装与配饰,0.3,68.89,0.2,90.33,-20.86,7.13
sz,002503,搜于特,服装与配饰,0.29,75.77,0.06,72.67,1.28,0
sh,601107,四川成渝,交通基本设施,0.29,116.51,0.21,106.42,10.33,2.67
sz,002267,陕天然气,石油天然气,0.29,81.29,0.34,82.18,1.92,1.34
sh,600490,鹏欣资源,有色金属,0.29,115.22,0.19,96.07,9.23,0
sz,000889,中嘉博创,通信技术服务,0.29,67.71,0.08,68.25,-4.35,0.39
sh,600206,有研新材,有色金属,0.29,99.7,0.15,55.31,76.22,0.05
sh,601127,小康股份,汽车,0.29,123.89,0.11,162,-22.61,0.61
sz,002512,达华智能,电子设备及服务,0.29,56.96,0.11,58.17,-3.77,0
sz,000650,仁和药业,中药,0.29,93.25,2.28,67.86,34.27,1.38
sz,002608,江苏国信,电力公用事业,0.29,316.6,0.1,289.02,5.88,0
sz,000150,宜华健康,医疗保健提供商与服务,0.29,51.08,0.17,92.35,-44.21,0
sh,600756,浪潮软件,计算机软件,0.29,78.95,0.18,49.55,52.17,0.5
sh,600337,美克家居,耐用家居用品,0.28,72.08,0.03,70.11,5.19,5.04
sz,002266,浙富控股,重型电气设备,0.28,92.8,0.36,80.53,12.53,0.22
sh,601020,华钰矿业,有色金属,0.27,53.8,0.06,44.49,18.43,0.91
sh,600072,中船科技,专用设备,0.27,129.8,0.06,51.32,147.14,0.12
sh,601880,大连港,交通基本设施,0.27,266.92,0.2,238.55,10.75,0.94
sh,603881,数据港,信息技术服务,0.27,85.18,0.02,52.1,53.08,0.19
sh,600093,易见股份,物流,0.27,147.71,0.15,85.08,68.6,0
sz,002497,雅化集团,化学制品,0.27,63.08,0.03,63.74,-3.79,0.31
sz,300183,东软载波,电子设备及服务,0.27,72.48,0.07,55.29,26.79,1.36
sh,600860,京城股份,专用设备,0.26,26.75,0.07,18.86,36.02,0
sh,603008,喜临门,耐用家居用品,0.26,45.72,0.24,36.41,29.5,0
sh,603126,中材节能,商业用品与服务,0.26,33.88,0.11,31.44,5.2,1.31
sz,300630,普利制药,化学制剂,0.26,140.68,0.04,80.71,77.19,0.27
sh,600702,舍得酒业,饮料,0.26,94.14,0.14,76.97,23.13,0.37
sh,600075,新疆天业,化学原料,0.26,49.6,0.03,43.96,15.92,1.95
sh,600459,贵研铂业,有色金属,0.26,74.72,0.22,37.59,45.51,1.1
sz,002108,沧州明珠,化学制品,0.25,53.31,0.14,59.69,-11.44,2.75
sh,600269,赣粤高速,交通基本设施,0.25,99.49,0.46,91.08,8.83,2.41
sh,603612,索通发展,化学原料,0.25,38.28,0.01,39.6,-5.29,0.82
sz,000552,靖远煤电,煤炭,0.25,60.38,1.01,58.55,4.05,3.89
sz,000065,北方国际,建筑与工程,0.25,72.87,0.05,59.1,20.86,0.87
sh,600143,金发科技,化学制品,0.25,215.71,0.43,134.48,53.97,1.34
sh,603043,广州酒家,食品,0.25,129.16,0.05,109.4,20.08,1.25
sh,600827,百联股份,百货商店,0.25,162.89,0.85,150.76,8.75,2
sz,002303,美盈森,容器与包装,0.25,78.1,0.28,71.21,10.45,4.04
sh,603888,新华网,互联网软件与服务,0.25,124,0.08,66.64,78.5,1.1
sz,000631,顺发恒业,住宅地产开发和管理,0.25,71.52,0.41,72.25,2.77,6.97
sz,000797,中国武夷,住宅地产开发和管理,0.25,56.12,0.24,59.63,-6.51,1.43
sz,300159,新研股份,航天航空,0.25,74.07,0.26,68.71,3.46,0.44
sz,002389,航天彩虹,航天航空,0.25,113.91,0.08,115.51,-5.06,0.26
sz,002662,京威股份,汽车零配件与设备,0.24,51.6,0.05,56.55,-13.53,0.62
sz,002151,北斗星通,通信设备,0.24,119.75,0.1,108.24,11.3,0.3
sh,600310,桂东电力,电力公用事业,0.24,37.66,0.2,29.8,23.96,0.56
sz,000488,晨鸣纸业,纸类与林业产品,0.24,146.68,0.26,162.95,-8.25,4.89
sz,002341,新纶科技,化学制品,0.24,74.66,4.38,136.79,-46.53,0.43
sh,600697,欧亚集团,百货商店,0.24,28.91,0.24,29.26,-0.62,2.18
sz,002215,诺普信,农用化工,0.24,62.16,0.16,61.79,-2.96,0
sz,002285,世联行,其他房地产服务,0.24,86.01,0.26,103.78,-18.74,0.51
sz,002254,泰和新材,合成纤维,0.24,66.09,0.16,66.21,-1.66,0.47
sh,603600,永艺股份,耐用家居用品,0.23,33.24,0.16,21.19,58.52,3.86
sz,002426,胜利精密,家用电器,0.23,100.15,0.38,79.84,21.55,0
sh,601375,中原证券,证券,0.23,208.16,0.34,164.82,21.6,0.58
sh,603357,设计总院,建筑与工程,0.23,54.27,1.41,64.77,-16.23,2.53
sz,000810,创维数字,家用电器,0.23,100.81,0.03,59.72,63.49,0.88
sh,600141,兴发集团,农用化工,0.23,103.81,0.47,74.83,9.01,1.45
sz,002176,江特电机,电气部件与设备,0.23,75.42,0.07,100.16,-27.77,0
sh,601928,凤凰传媒,传媒,0.23,224.97,0.21,202.07,14.01,3.44
sz,002436,兴森科技,半导体,0.23,119.33,0.07,67.25,72.38,0.78
sh,600545,卓郎智能,专用设备,0.23,132.11,0.11,140.26,-4.39,1.86
sz,300324,旋极信息,信息技术服务,0.23,105.21,0.05,98.1,6.42,0
sh,600531,豫光金铅,有色金属,0.23,57.24,0.06,38.05,47.14,0.75
sh,600973,宝胜股份,电气部件与设备,0.23,48.27,0.14,44.24,7.15,0.75
sz,000901,航天科技,航天航空,0.23,79.6,0.14,54.29,40.97,0.57
sh,600639,浦东金桥,住宅地产开发和管理,0.23,160.28,0.07,126.38,26.29,2.15
sh,600053,九鼎投资,投资信托,0.22,100.32,0.45,102.06,-2.5,3.32
sh,601015,陕西黑猫,煤炭,0.22,60.95,0.01,66.57,-10.09,1.06
sz,002047,宝鹰股份,建筑与工程,0.22,74.31,0.2,91.88,-20.67,0.46
sh,600435,北方导航,航天航空,0.22,142.23,0.52,110.36,24.02,0
sh,600578,京能电力,电力公用事业,0.21,212.52,0.32,197.68,9.9,2.55
sz,002717,岭南股份,建筑与工程,0.21,75.94,0.11,91.26,-15.7,1.08
sh,601996,丰林集团,纸类与林业产品,0.21,35.17,0.2,32.53,7.62,2.01
sh,600633,浙数文化,互联网软件与服务,0.21,119.52,0.46,106.11,10.4,0.9
sz,002308,威创股份,电子设备及服务,0.21,43.5,0.27,40.51,5.17,0
sh,601228,广州港,交通基本设施,0.21,247.73,0.55,245.25,-0.42,0.9
sz,002411,延安必康,化学制剂,0.21,273.21,0.32,323.01,-16.6,0
sz,002061,浙江交科,建筑与工程,0.21,77.17,0.29,141.28,-46.02,2.21
sz,002413,雷科防务,航天航空,0.21,72.65,0.1,60.98,17.94,0
sz,002117,东港股份,商业用品与服务,0.21,61.66,0.28,51.47,22.53,4.28
sz,002664,长鹰信质,汽车零配件与设备,0.21,67.52,0.15,49.12,41.35,0.41
sz,000882,华联股份,房地产租赁,0.21,63.78,0.07,61.04,1.96,0.18
sz,300101,振芯科技,通信设备,0.21,58.85,0.02,55.38,1.5,0.2
sz,000881,中广核技,工业集团企业,0.21,79.13,0.03,68.88,11.31,0.43
sz,300300,汉鼎宇佑,信息技术服务,0.21,70.99,0.12,76.6,-7.22,0.19
sz,002695,煌上煌,食品,0.21,71.87,0.01,51.08,40.59,0.59
sh,601990,南京证券,证券,0.21,306.13,0.13,239.16,25.24,0.93
sh,600266,北京城建,住宅地产开发和管理,0.2,140.66,1.01,124.11,14.03,2.74
sh,600881,亚泰集团,建筑材料,0.2,102.67,0.58,107.54,-6.95,0
sz,300222,科大智能,电气部件与设备,0.2,89.77,0.15,113.08,-23.21,0.69
sh,600200,江苏吴中,工业集团企业,0.2,38.75,0.3,42.74,-5.74,0
sz,000030,富奥股份,汽车零配件与设备,0.2,86.18,0.09,67.17,34.28,3.11
sh,600166,福田汽车,汽车,0.2,150.08,0.18,121.4,18.68,0
sh,600231,凌钢股份,黑色金属,0.2,81.19,0.57,73.99,8.54,1.54
sz,002226,江南化工,化学制品,0.2,69.44,0.03,63.57,7.47,0
sh,600518,ST康美,中药,0.2,177.57,6.9,458.09,-59.01,0.64
sz,002025,航天电器,电子元器件,0.2,120.46,0.09,91.93,29.57,0.54
sz,300085,银之杰,计算机软件,0.2,130.3,0.01,56.25,118.9,0.11
sz,000968,蓝焰控股,石油天然气,0.2,110.59,0.01,103.04,5.07,0.45
sh,600230,沧州大化,农用化工,0.2,54.2,0.28,66.52,-20.71,1.58
sh,603113,金能科技,煤炭,0.2,78.54,0.29,74.15,4.57,2.09
sz,002121,科陆电子,电气部件与设备,0.19,73.8,0.05,64.78,9.13,0
sz,300197,铁汉生态,建筑与工程,0.19,79.54,0.03,86.39,-6.98,0.43
sh,603669,灵康药业,化学制剂,0.19,43.27,0.02,36.04,22.95,6.34
sz,000930,中粮生化,可替代能源,0.19,133.4,0.3,137.1,-3.32,0.35
sz,000042,中洲控股,商业地产开发和管理,0.18,64.69,0.3,74.59,-14.66,1.05
sh,600775,南京熊猫,通信设备,0.18,116.79,0.13,74.11,50.89,0.66
sz,000603,盛达矿业,有色金属,0.18,111.78,0.11,69,52.5,0
sz,000006,深振业Ａ,住宅地产开发和管理,0.18,74.11,0.14,69.93,7.12,3.64
sz,002567,唐人神,农牧渔产品,0.18,97.96,0.07,47.43,106.35,0.86
sz,300038,数知科技,互联网软件与服务,0.18,122.69,0.01,109.33,9.07,0.69
sz,002663,普邦股份,建筑与工程,0.18,63.75,0.23,44.36,34.14,0.09
sz,002537,海联金汇,汽车零配件与设备,0.18,121.62,0.06,127.85,-0.94,0.5
sz,002045,国光电器,家用电器,0.18,33.4,0.12,21.55,50.46,1.17
sh,600033,福建高速,交通基本设施,0.18,86.45,0.17,81.51,9.87,4.81
sh,603367,辰欣药业,化学制剂,0.18,73.31,0.05,68.82,6.86,1.64
sh,603579,荣泰健康,休闲设备与用品,0.18,38.39,0.56,39.7,-5.4,2.26
sh,600737,中粮糖业,食品,0.17,202.55,3.04,151.02,25.14,0
sz,000935,四川双马,建筑材料,0.17,113.98,0.12,114.82,-3.99,0
sz,000550,江铃汽车,汽车,0.17,146.23,0.13,110.15,32.26,0.24
sh,600416,湘电股份,重型电气设备,0.17,65.83,0.21,48.81,35.08,0
sz,300252,金信诺,通信设备,0.17,69.8,0.07,62.98,6.76,0.43
sz,001872,招商港口,交通基本设施,0.17,318.87,0.03,269.37,17.04,0.65
sh,603056,德邦股份,物流,0.17,135.65,0.04,158.88,-15.21,1.58
sz,300317,珈伟新能,光电子器件,0.17,42.41,0.03,39.47,4.26,0
sh,600596,新安股份,农用化工,0.17,73.91,1.56,75.46,-0.55,5.23
sz,002482,广田集团,建筑与工程,0.17,78.25,0.07,89.01,-13.64,0.6
sz,000989,九芝堂,中药,0.17,77.55,0.46,85.28,-8.31,4.66
sz,002161,远望谷,电子设备及服务,0.16,59.85,0.11,40.09,43.91,0
sh,601330,绿色动力,电力公用事业,0.16,154.21,0.02,144.57,9.98,0.73
sh,600668,尖峰集团,建筑材料,0.16,49.82,1.58,40.6,26.86,2.05
sh,601718,际华集团,服装与配饰,0.16,178.74,0.26,147.12,17.04,0.26
sz,000516,国际医学,百货商店,0.16,98.95,0.04,97.57,1.06,1.76
sz,000688,国城矿业,有色金属,0.16,115.89,0.1,131.24,-12.13,0
sz,300735,光弘科技,电子设备及服务,0.16,142.98,0.11,56.68,148.53,0.77
sz,000761,本钢板材,黑色金属,0.16,155.4,0.06,130.21,18.61,1.27
sh,603533,掌阅科技,互联网软件与服务,0.16,63.4,0.02,71.3,-12.61,0.71
sz,002302,西部建设,建筑材料,0.16,149.72,0.1,111.59,29.7,0.61
sz,002171,楚江新材,有色金属,0.16,90.02,0.13,49.5,40.39,0
sh,600617,国新能源,石油天然气,0.16,57.27,0.16,52.61,13.39,0.36
sz,000617,中油资本,其他金融服务,0.16,1197.39,0.17,970.73,21.64,1.88
sz,000875,吉电股份,电力公用事业,0.16,64.82,0.21,52.58,20.82,0
sh,600054,黄山旅游,酒店餐饮与休闲,0.16,69.95,0.58,70.1,1.29,1.41
sz,002051,中工国际,建筑与工程,0.16,134.63,0.4,123.28,-2.43,2.84
sh,603225,新凤鸣,合成纤维,0.15,143.9,0.29,158.03,-9.16,1.07
sz,002204,大连重工,专用设备,0.15,69.72,0.03,57.17,18.74,0.72
sz,002190,*ST集成,汽车零配件与设备,0.15,72.61,0.17,57.9,23.98,0
sh,600824,益民集团,百货商店,0.15,38.58,0.14,35.2,7.28,0.9
sh,601179,中国西电,重型电气设备,0.15,186.07,0.14,172.23,6.62,0.96
sh,601369,陕鼓动力,重型电气设备,0.15,109.83,0.14,99.15,9.02,3.13
sz,002488,金固股份,汽车零配件与设备,0.15,78.28,0.02,67.04,17.35,1.29
sh,600562,国睿科技,电子设备及服务,0.15,105.12,0.26,80.1,26.58,0.12
sh,600781,ST辅仁,中药,0.15,36.12,0.08,79.34,-51.45,1.65
sz,002258,利尔化学,农用化工,0.15,66.6,0.6,68.9,-5.9,1.64
sz,000070,特发信息,通信设备,0.15,107.87,0.03,44.52,121.3,0.27
sz,000928,中钢国际,建筑与工程,0.14,70.88,0.12,54.66,27.9,2.2
sz,000546,金圆股份,建筑材料,0.14,68.03,0.06,61.89,8.66,0.53
sz,000802,北京文化,传媒,0.14,71.52,0.34,79.25,-10.77,0.61
sz,002585,双星新材,化学制品,0.14,56.77,0.06,58.97,-3.81,4.2
sh,600150,中国船舶,专用设备,0.14,335.43,0.11,180.95,89.36,0.43
sz,300185,通裕重工,通用机械,0.14,62.09,0.1,52.61,16.09,1.08
sz,002118,紫鑫药业,中药,0.14,102.08,0.09,55.84,77.75,0
sz,000582,北部湾港,交通基本设施,0.14,153.33,0.04,115.08,30.94,1.26
sh,603929,亚翔集成,建筑与工程,0.14,34.03,0.02,31.53,5.01,1.63
sz,002421,达实智能,信息技术服务,0.14,78.37,0.41,74.56,1.79,0
sh,603387,基蛋生物,生物科技,0.14,66.35,0.37,49.42,32.21,1.19
sh,600568,中珠医疗,住宅地产开发和管理,0.13,36.87,0.17,45.44,-21.93,0
sz,000088,盐田港,交通基本设施,0.13,118.67,0.03,97.11,20.99,0.45
sz,000539,粤电力Ａ,电力公用事业,0.13,211.59,0.11,243.09,-13.27,1.52
sh,600743,华远地产,住宅地产开发和管理,0.13,59.12,0.2,56.78,6.47,4.88
sh,600594,益佰制药,中药,0.13,41.81,0.17,43.71,-7.43,0
sz,000517,荣安地产,住宅地产开发和管理,0.13,90.74,0.01,73.55,19.48,0
sz,002716,金贵银业,有色金属,0.13,64.54,0.03,58.88,3.92,0
sz,002016,世荣兆业,住宅地产开发和管理,0.13,69.26,0.03,72.98,-2.87,6.04
sz,000636,风华高科,电子元器件,0.13,129.36,1.01,96.15,33.39,2.14
sh,603103,横店影视,传媒,0.13,100.2,0.02,101.02,-2.07,1.15
sh,601118,海南橡胶,农牧渔产品,0.13,206.27,0.16,192.15,5.12,0.23
sh,600996,贵广网络,传媒,0.13,109.47,0.09,66.31,57.06,0.91
sz,300184,力源信息,电子设备及服务,0.13,101.68,0.01,50.17,98.77,0.67
sh,603180,金牌厨柜,耐用家居用品,0.13,40.53,0.02,39.16,5.26,1.67
sh,600818,中路股份,休闲设备与用品,0.13,37.9,0.15,34.07,9.41,0.43
sh,603305,旭升股份,汽车零配件与设备,0.12,112.09,0.08,121.86,-9.13,0.95
sz,300191,潜能恒信,能源设备与服务,0.12,87.36,0.07,47.1,91.1,0.07
sh,603595,东尼电子,电子元器件,0.12,56.19,0.02,44.82,25.8,0.21
sh,600621,华鑫股份,证券,0.12,152.35,0.07,93.15,59.54,0.05
sz,300527,中国应急,专用设备,0.12,132.68,0.03,57.72,125.77,0.18
sh,600195,中牧股份,生物科技,0.12,129.31,0.07,64.02,101.22,1.16
sz,002250,联化科技,化学原料,0.12,121.21,0.25,87.31,35.56,0.16
sh,603363,傲农生物,农牧渔产品,0.12,95.13,0.02,35.78,159.08,0.11
sz,300202,聚龙股份,电子设备及服务,0.12,47.92,0.16,35.39,32.61,0
sh,600267,海正药业,化学制剂,0.11,104.57,0.13,81.01,25.27,0
sh,600064,南京高科,住宅地产开发和管理,0.11,120.75,0.11,97.39,23.07,2.64
sh,600626,申达股份,工业贸易经销商,0.11,60.43,0.15,42.1,39.47,0.73
sz,002139,拓邦股份,电子设备及服务,0.11,65.52,0.29,39.95,60.21,1.63
sz,300204,舒泰神,生物科技,0.11,64.12,0.1,52.82,21.61,5.19
sz,000796,凯撒旅游,酒店餐饮与休闲,0.11,55.73,0.03,53.32,0.3,0
sh,603569,长久物流,物流,0.11,60.73,0.02,60.2,-0.71,1.37
sh,603339,四方科技,通用机械,0.11,32.21,0.08,31.51,1.01,1.34
sh,600684,珠江实业,住宅地产开发和管理,0.11,32.86,0.15,37.13,-13.02,0.96
sh,600259,广晟有色,有色金属,0.11,106.45,0.07,67.48,55.95,0
sz,002768,国恩股份,化学制品,0.11,68.03,0.01,60.49,10.28,0.49
sz,002547,春兴精工,通用机械,0.11,123.07,0.09,59.67,96.03,0
sz,002326,永太科技,化学原料,0.11,76.51,0.02,57.32,35.46,1.61
sz,000816,ST慧业,通用机械,0.11,22.84,0.1,21.71,3.19,0.64
sz,002095,生意宝,互联网软件与服务,0.11,69.22,0.07,49.74,35.05,0.19
sz,300634,彩讯股份,信息技术服务,0.11,87.48,0.01,95.48,-10.58,0.38
sh,600552,凯盛科技,电子元器件,0.11,42.78,0.08,28.03,50.68,0
sh,603713,密尔克卫,物流,0.11,52.02,0.05,42.25,19.8,0.39
sh,603757,大元泵业,通用机械,0.11,26.16,0.04,22.07,21.52,2.03
sh,600586,金晶科技,非金属材料与制品,0.11,42.86,0.1,41.27,5.6,2.05
sz,002279,久其软件,计算机软件,0.11,50.43,0.02,50.57,-4.36,0
sz,300267,尔康制药,化学原料药,0.11,129.94,0.07,79.62,56,0.17
sh,600391,航发科技,航天航空,0.11,58.43,0.14,36.08,56.72,0
sz,000766,通化金马,中药,0.11,76.26,0.14,66.3,11.37,0
sz,002221,东华能源,石油天然气,0.11,139.9,0.56,132.97,2.67,0.45
sz,300429,强力新材,化学制品,0.11,72.5,0.02,84.61,-12.14,0.55
sh,600526,*ST菲达,电气部件与设备,0.11,27.37,0.13,24.2,11.31,0
sz,000525,红太阳,农用化工,0.1,70.8,0.27,81.48,-12.38,1.23
sh,600136,当代明诚,传媒,0.1,61.39,0.05,39.8,49.66,0.19
sh,601608,中信重工,专用设备,0.1,184.86,0.07,112.82,56.66,0.08
sz,300726,宏达电子,电子元器件,0.1,121.59,0.01,72.34,64.27,0.85
sh,600037,歌华有线,传媒,0.1,140.85,0.09,119.55,17.1,1.82
sh,600221,海航控股,航空运输,0.1,315.96,0.3,315.96,-1.06,0
sh,603997,继峰股份,汽车零配件与设备,0.1,57.16,0.01,48.93,17.51,3.6
sz,002158,汉钟精机,通用机械,0.1,46.19,0.12,38.38,18.95,1.79
sh,600876,洛阳玻璃,非金属材料与制品,0.1,61.13,0.05,62.25,-5.13,0
sz,002145,中核钛白,化学原料,0.09,66.99,0.04,51.24,27.95,0.49
sz,002169,智光电气,电气部件与设备,0.09,55.54,0.05,28.2,83.79,0.92
sz,002269,美邦服饰,服装与配饰,0.09,57.29,0.02,58.04,-4.33,0
sh,600571,信雅达,信息技术服务,0.09,47.71,0.07,27.7,73.11,3.53
sh,600495,晋西车轴,通用机械,0.09,54.25,0.05,49.66,5.39,0.28
sh,600517,置信电气,重型电气设备,0.09,103.75,0.1,43.13,133.96,0
sz,002437,誉衡药业,化学原料药,0.09,83.09,0.16,61.55,29.31,0.33
sh,600527,江南高纤,合成纤维,0.09,31.6,0.08,28.86,11.07,4.69
sh,603306,华懋科技,汽车零配件与设备,0.09,42.21,0.14,44.61,-2.47,3.75
sz,000687,华讯方舟,航天航空,0.09,62.98,0.08,54.4,10.28,0
sh,603165,荣晟环保,纸类与林业产品,0.09,33.45,0.02,26.69,27.14,2.52
sz,002022,科华生物,生物科技,0.09,52.19,1.09,48.33,5.59,0.66
sh,600509,天富能源,电力公用事业,0.08,51.12,0.07,41.11,21.12,0.37
sz,300377,赢时胜,资本市场服务,0.08,96.19,0.04,81.94,13.97,0.8
sz,000068,华控赛格,信息技术服务,0.08,48.12,0.11,42.78,16.24,0
sh,603421,鼎信通讯,通信设备,0.08,93.52,0.03,96.6,-9.66,0.68
sh,600959,江苏有线,传媒,0.08,222.53,0.08,203.14,7.72,2.27
sh,600175,美都能源,工业贸易经销商,0.08,81.19,0.71,78.68,-0.91,0
sh,600601,方正科技,电脑与外围设备,0.08,82.97,0.06,55.31,44.5,0.28
sh,601218,吉鑫科技,电气部件与设备,0.08,29.85,0.06,22.51,28.19,0
sz,002609,捷顺科技,信息技术服务,0.08,65.82,0.09,36.87,82.2,4.64
sh,600158,中体产业,酒店餐饮与休闲,0.08,93.32,0.51,75.01,21.39,0.28
sz,000767,漳泽电力,电力公用事业,0.08,81.54,0.02,76,4.86,0
sh,603730,岱美股份,汽车零配件与设备,0.08,104.52,0.03,85.71,24.52,1.97
sz,002400,省广集团,传媒,0.08,54.39,0.71,51.6,2.36,0.33
sz,000612,焦作万方,有色金属,0.07,57.82,0.15,47.21,18.18,0
sh,601226,华电重工,建筑与工程,0.07,50.94,0.06,42.62,17.75,0.35
sh,600155,华创阳安,证券,0.07,263.54,0.15,130.99,102.26,0
sh,600873,梅花生物,食品,0.07,141.87,0.09,131.17,13.89,7.41
sh,600327,大东方,专营零售,0.07,32.47,0.07,30.38,8.76,4.69
sh,600975,新五丰,农牧渔产品,0.07,71.34,0.01,22.06,217.16,0
sz,002378,章源钨业,有色金属,0.07,58.78,0.14,43.62,39.34,0.3
sh,600098,广州发展,电力公用事业,0.07,170.93,0.07,154.3,12.19,1.6
sz,000861,海印股份,房地产租赁,0.07,62.84,0.06,56.47,9.06,0.61
sh,600830,香溢融通,其他金融服务,0.07,29.12,0.05,21.76,28.6,0.98
sh,600496,精工钢构,建筑产品,0.07,51.6,0.06,47.25,7.35,0.47
sh,600481,双良节能,通用机械,0.07,57.8,0.07,54.53,6.73,3.48
sh,600501,航天晨光,专用设备,0.07,41.12,0.04,25.57,54.7,0
sh,600169,太原重工,专用设备,0.07,65.89,0.06,57.18,12.11,0
sh,601010,文峰股份,百货商店,0.07,60.98,0.06,53.59,11.16,1.25
sz,002245,澳洋顺昌,物流,0.07,38.47,0.07,38.28,0.17,0.65
sh,600108,亚盛集团,农牧渔产品,0.07,62.69,0.06,51.4,19.11,0.14
sz,300215,电科院,商业用品与服务,0.07,56.42,0.08,40.19,39.22,1.66
sh,600510,黑牡丹,住宅地产开发和管理,0.07,66.18,0.06,63.45,4.02,3.19
sh,600400,红豆股份,服装与配饰,0.06,87.65,0.08,95,-5.43,1.43
sh,600839,四川长虹,家用电器,0.06,134.79,0.07,106.64,23.52,0.78
sz,300107,建新股份,化学原料,0.06,45.87,0.01,51.63,-6.69,3.49
sz,000662,天夏智慧,互联网软件与服务,0.06,58.92,0.04,67.55,-16.67,0
sz,300485,赛升药业,化学制剂,0.06,49,0.13,47.5,1.67,1.22
sz,300039,上海凯宝,中药,0.06,48.97,0.21,43.5,11.83,2.25
sz,300248,新开普,电子设备及服务,0.06,41.42,0.05,32.67,25.53,0.47
sh,603698,航天工程,商业用品与服务,0.06,71.61,0.06,59.08,16.94,0
sz,300367,东方网力,电子设备及服务,0.06,77.61,0.04,75.8,-2.86,0.43
sh,603098,森特股份,建筑产品,0.06,56.16,0.01,65.62,-15.27,0.87
sz,300171,东富龙,专用设备,0.06,50.96,0.05,44.05,11.37,0.51
sh,600790,轻纺城,房地产租赁,0.06,53.35,0.06,53.5,3.48,5
sh,600081,东风科技,汽车零配件与设备,0.06,39.2,0.04,22.67,69.64,1.17
sh,600449,宁夏建材,建筑材料,0.06,43.47,0.05,35.24,24.16,3.4
sz,300020,银江股份,信息技术服务,0.06,64.2,0.05,42.5,49.15,0.31
sh,603358,华达科技,汽车零配件与设备,0.06,42.93,0.05,33.71,29.37,3.27
sz,002314,南山控股,住宅地产开发和管理,0.06,91.79,0.14,77.71,13.24,0
sh,600458,时代新材,化学制品,0.06,79.8,0.05,54.43,42.09,0.42
sz,000917,电广传媒,传媒,0.06,94.69,0.08,98.09,-6.83,0.28
sz,002907,华森制药,化学制剂,0.06,68.46,0.06,75.37,-10.87,0.21
sz,002274,华昌化工,农用化工,0.06,74.67,0.07,32.19,128.68,1.32
sz,000536,华映科技,电子元器件,0.06,88.79,0.11,51.72,65.24,0
sh,603959,百利科技,建筑与工程,0.06,55.85,0.1,46.32,18.74,0.55
sh,600157,永泰能源,煤炭,0.06,200.06,0.19,166.51,16.42,0
sh,600825,新华传媒,传媒,0.06,51.3,0.06,51.2,-3.49,0.21
sh,600503,华丽家族,住宅地产开发和管理,0.06,57.68,0.15,48.87,13.26,0.14
sh,600869,智慧能源,电气部件与设备,0.06,112.52,0.06,107.64,11.34,0
sh,600292,远达环保,商业用品与服务,0.06,46.38,0.05,38.49,18.36,0.86
sh,600888,新疆众和,有色金属,0.06,51.4,0.05,36.02,17.89,1.2
sh,600316,洪都航空,航天航空,0.06,117.89,0.04,70.92,59.79,0.08
sh,600059,古越龙山,饮料,0.06,72.85,0.04,53.36,36.04,1.13
sh,601700,风范股份,电气部件与设备,0.06,71.28,0.04,43.29,62.87,2.97
sh,600428,中远海特,水上运输,0.06,80.71,0.08,69.77,16.31,0.53
sz,300439,美康生物,生物科技,0.06,51.61,0.05,46.28,9.91,1
sh,600864,哈投股份,复合型公用事业,0.05,156.46,0.05,93.83,61.8,1.41
sz,000025,特力Ａ,专营零售,0.05,97.29,0.04,78.84,23.57,0
sz,300156,神雾环保,专用设备,0.05,24.14,0.13,36.66,-36.36,0
sh,600894,广日股份,重型电气设备,0.05,72.24,0.05,46.87,56.73,0.59
sh,600063,皖维高新,化学制品,0.05,65.29,0.04,44.87,41.61,0.76
sz,000915,山大华特,化学制剂,0.05,56.05,0.3,34.68,58.3,1.3
sh,600676,交运股份,汽车零配件与设备,0.05,47.52,0.05,44.33,7.68,2.2
sh,600106,重庆路桥,交通基本设施,0.05,37.7,0.05,33.28,12.63,2
sz,002490,山东墨龙,能源设备与服务,0.05,34.79,0.01,33.59,1.9,0
sh,601886,江河集团,建筑与工程,0.05,88.63,0.06,86.44,4.45,3.98
sz,002630,华西能源,通用机械,0.05,33.18,0.05,33.65,-4.56,0
sh,600479,千金药业,中药,0.05,40.39,0.04,32.48,26.07,4.26
sh,600351,亚宝药业,化学制剂,0.05,48.97,0.05,44.31,13.82,4.07
sh,600856,ST中天,石油天然气,0.05,35.81,0.14,50.84,-29.03,0
sh,600831,广电网络,传媒,0.05,72.16,0.03,40.96,42.96,0.1
sh,600640,号百控股,其他消费者服务,0.05,119.75,0.03,78.06,58.13,0.65
sz,002707,众信旅游,酒店餐饮与休闲,0.05,49.93,0.08,53.84,-12.47,0.42
sz,002550,千红制药,化学制剂,0.05,64.64,0.08,48.64,32.07,2.45
sz,002349,精华制药,中药,0.05,47.8,0.23,47.89,-2.34,0.9
sz,002577,雷柏科技,电脑与外围设备,0.05,29.84,0.04,27.55,5.54,0
sh,601619,嘉泽新能,电力公用事业,0.05,82.73,0.02,89.88,-9.43,1.06
sz,002036,联创电子,光电子器件,0.05,101.71,0.12,47.37,124.52,0.23
sz,300363,博腾股份,化学制剂,0.05,79.46,0.03,48.09,63.48,0.33
sz,002170,芭田股份,农用化工,0.05,30.51,0.05,25.9,14.38,0
sz,002833,弘亚数控,专用设备,0.05,47.89,0.06,46,3.71,1.72
sz,300495,美尚生态,建筑与工程,0.05,88.8,0.02,79.31,0.82,0.76
sh,603603,博天环境,商业用品与服务,0.05,54.69,0.02,59.43,-6.2,0.7
sz,002367,康力电梯,专用设备,0.05,66.05,0.1,44.43,53.98,6.59
sz,002343,慈文传媒,传媒,0.05,41.84,0.46,42.84,-5.88,0
sh,600480,凌云股份,汽车零配件与设备,0.04,44.82,0.03,34.72,2.97,2.55
sz,002305,南国置业,商业地产开发和管理,0.04,40.58,0.06,49.95,-19.67,2.2
sz,000498,山东路桥,建筑与工程,0.04,55.89,0.02,56.68,-2.45,1.54
sh,600537,亿晶光电,电子元器件,0.04,41.41,0.04,33.29,20.75,0.59
sh,601611,中国核建,建筑与工程,0.04,194.51,0.48,171.41,11.23,0.78
sh,600687,*ST刚泰,服装与配饰,0.04,30.97,0.46,61.78,-50.36,1.94
sh,600067,冠城大通,住宅地产开发和管理,0.04,65.06,0.04,55.51,15.92,2.37
sh,601212,白银有色,有色金属,0.04,335.44,0.05,205.7,46.44,0
sh,603169,兰石重装,专用设备,0.04,77.29,0.05,44.9,64.64,0
sh,600251,冠农股份,农牧渔产品,0.04,44.97,0.04,38.77,11.96,0.24
sh,600780,通宝能源,电力公用事业,0.04,40.93,0.04,37.03,7.74,0
sh,600666,*ST瑞德,电子设备及服务,0.04,24.3,0.07,37.19,-34.32,0
sh,600988,赤峰黄金,有色金属,0.04,80.16,0.09,56.91,37.34,0
sz,000919,金陵药业,化学制剂,0.04,38.76,0.03,31.6,22.25,2.27
sh,600638,新黄浦,住宅地产开发和管理,0.04,49.97,0.05,57.37,-12.78,3.55
sh,600179,ST安通,水上运输,0.04,57.84,0.03,98.88,-44.36,0
sz,300236,上海新阳,化学制品,0.04,78.11,0.05,48.07,54.98,0.13
sh,603639,海利尔,农用化工,0.04,44.06,0.11,44.96,-2.37,1.17
sz,300110,华仁药业,化学制剂,0.04,56.04,0.03,37.95,41.77,0.66
sz,300075,数字政通,计算机软件,0.04,55.07,0.05,46.25,13.88,0.24
sh,600650,锦江投资,陆运,0.04,59.9,0.05,52.13,15.47,2.34
sz,002425,凯撒文化,计算机软件,0.04,51.35,0.82,47.85,5.29,0.98
sh,600280,中央商场,百货商店,0.04,39.16,0.1,37.32,0.92,0.46
sh,600190,锦州港,交通基本设施,0.04,64.07,0.03,53.46,17.54,0.64
sh,601126,四方股份,电气部件与设备,0.04,50.01,0.03,41.39,21.56,2.97
sh,600783,鲁信创投,非金属材料与制品,0.04,109.27,0.04,116.72,-9.21,0.71
sz,002433,太安堂,中药,0.04,36.81,0.22,35.96,0.96,1.51
sz,002228,合兴包装,容器与包装,0.04,48.77,0.03,50.06,-5.41,1.25
sz,002519,银河电子,通信设备,0.04,50.01,0.17,39.31,22.35,0
sz,002431,棕榈股份,建筑与工程,0.04,50.85,0.02,53.09,-5.04,0
sh,600862,中航高科,航天航空,0.04,150.59,0.09,78.01,87.87,1.06
sh,600307,酒钢宏兴,黑色金属,0.04,124.64,0.04,119.63,2.09,0
sz,002354,天神娱乐,计算机软件,0.04,30.57,0.29,48.84,-38.93,0
sh,600300,维维股份,饮料,0.04,55.18,0.03,47.15,13.83,0
sz,300327,中颖电子,电子元器件,0.04,73.52,0.04,42.12,70.97,1.47
sz,002277,友阿股份,百货商店,0.04,46.7,0.1,44.76,4.98,1.53
sz,000601,韶能股份,电力公用事业,0.04,64.29,0.37,40.2,63.8,2.53
sz,002703,浙江世宝,汽车零配件与设备,0.04,44.46,0.01,33.09,29.59,0
sz,000863,三湘印象,住宅地产开发和管理,0.04,73.36,0.26,53.62,33.25,0
sh,603699,纽威股份,通用机械,0.04,91.5,0.06,89.63,5.58,5.61
sz,002055,得润电子,电子设备及服务,0.04,54.83,0.02,46.39,15.75,0.54
sz,300571,平治信息,电信增值服务,0.04,62.65,0.05,52.94,16.7,0.39
sz,002502,鼎龙文化,传媒,0.03,27.94,0.08,33.88,-20.81,0
sz,300178,腾邦国际,其他消费者服务,0.03,39.21,0.04,55.73,-27.44,0.43
sz,002256,兆新股份,化学制品,0.03,53.65,0.02,55.53,-2.37,0
sh,601969,海南矿业,黑色金属,0.03,113.96,0.03,87.57,25.67,0
sh,600088,中视传媒,传媒,0.03,64.67,0.02,33.13,84.83,0.57
sz,000584,哈工智能,合成纤维,0.03,45.75,0.21,38.52,18.31,0.27
sh,600173,卧龙地产,住宅地产开发和管理,0.03,33.16,0.03,27.43,36.54,1.99
sh,601929,吉视传媒,传媒,0.03,72.49,0.03,63.77,10.07,0.31
sz,002678,珠江钢琴,休闲设备与用品,0.03,102.82,0.06,77.7,31.93,0.87
sz,300288,朗玛信息,互联网软件与服务,0.03,43.93,0.04,43.59,-1.65,0.4
sh,601106,中国一重,通用机械,0.03,218.76,0.03,183.1,15.73,0
sz,002516,旷达科技,纺织品,0.03,42.95,0.04,42.67,9.94,15.85
sz,002324,普利特,化学制品,0.03,59,0.09,40.59,49.62,1.37
sz,300467,迅游科技,互联网软件与服务,0.03,39.18,0.25,51.76,-26.56,0
sh,600613,神奇制药,化学制剂,0.03,40.43,0.02,26.22,48.88,0
sh,600805,悦达投资,工业集团企业,0.03,48.42,0.02,39.14,19.57,0
sz,002418,康盛股份,通用机械,0.03,39.09,0.03,35,6.49,0
sz,300157,恒泰艾普,能源设备与服务,0.03,35.46,0.03,29.55,24.1,0
sh,600006,东风汽车,汽车,0.03,100.4,0.19,72,36.75,1.72
sh,600662,强生控股,陆运,0.03,52.67,0.03,43.61,20.25,0.81
sh,601566,九牧王,服装与配饰,0.03,67,0.03,76.14,-7.33,8.77
sh,600119,*ST长投,物流,0.03,16.42,0.05,22.53,-27.15,0
sh,600838,上海九百,百货商店,0.03,27.18,0.04,24.09,12.41,1.11
sh,600628,新世界,百货商店,0.03,50.72,0.02,41.01,23.41,1.69
sz,002545,东方铁塔,建筑产品,0.03,82.68,0.04,73.97,11.67,1.87
sz,002581,未名医药,化学制剂,0.03,50.07,0.04,42.62,14.09,0
sh,600773,西藏城投,住宅地产开发和管理,0.03,51.23,0.03,49.18,0.39,0.25
sh,600433,冠豪高新,纸类与林业产品,0.03,46.78,0.03,45.89,-0.46,0.73
sz,002359,*ST北讯,通信设备,0.03,25.44,0.15,89.26,-72.35,0
sh,600468,百利电气,电气部件与设备,0.03,42.3,0.03,43.39,-5.53,0
sz,002240,威华股份,纸类与林业产品,0.03,42.08,0.4,39.03,3.98,0
sh,603619,中曼石油,能源设备与服务,0.03,70.52,0.01,62.08,24.15,0.12
sz,300219,鸿利智汇,光电子器件,0.02,43.62,0.02,54.6,-16.18,4.87
sz,300269,联建光电,传媒,0.02,27.67,0.03,33.03,-19.27,0
sz,300568,星源材质,化学制品,0.02,67.72,0.03,42.61,28.83,0.59
sh,601101,昊华能源,煤炭,0.02,69.36,0.02,72.12,-2.79,3.36
sz,300043,星辉娱乐,计算机软件,0.02,64.08,0.1,41.31,51.18,0.6
sh,603005,晶方科技,半导体,0.02,55.33,0.02,38.45,38.22,0.32
sz,002447,晨鑫科技,互联网软件与服务,0.02,54.52,0.02,41.82,32.76,0
sh,600963,岳阳林纸,纸类与林业产品,0.02,65.41,0.02,56.05,13.31,0.6
sh,600716,凤凰股份,住宅地产开发和管理,0.02,38.47,0.02,29.95,26.82,2.53
sz,002650,加加食品,食品,0.02,43.2,0.03,41.47,0.56,0
sz,000806,ST银河,重型电气设备,0.02,25.08,0.09,42.68,-43.3,0
sh,600255,梦舟股份,有色金属,0.02,31.85,0.12,31.85,-4.44,0
sh,600551,时代出版,传媒,0.02,43.25,0.23,43.6,-1.4,2.28
sh,600386,北巴传媒,专营零售,0.02,33.39,0.02,26.77,24.84,2.74
sz,000587,金洲慈航,服装与配饰,0.02,49.91,0.04,49.91,-3.4,0
sz,002527,新时达,电气部件与设备,0.02,33.06,0.03,33.24,-2.99,0
sh,600917,重庆燃气,燃气公用事业,0.02,106.59,0.04,110.79,5.12,1.08
sz,300143,盈康生命,医疗保健设备与用品,0.02,46.18,0.03,49.7,-8.14,0
sz,002522,浙江众成,化学制品,0.02,55.34,0.09,44.29,22.3,0.5
sz,300051,三五互联,互联网软件与服务,0.02,25.31,0.02,21.59,13.75,0
sh,603567,珍宝岛,中药,0.02,104.11,0.04,101.73,1.57,1.37
sh,600240,*ST华业,住宅地产开发和管理,0.02,14.24,0.2,36.89,-63.32,0
sh,600278,东方创业,工业贸易经销商,0.02,64.76,0.02,42.56,48.7,0.75
sz,002261,拓维信息,互联网软件与服务,0.02,68.03,0.16,46.45,39.81,0
sz,300077,国民技术,半导体,0.02,40.43,0.02,41.21,-6.36,0
sh,601777,力帆股份,汽车,0.02,51.5,0.07,50.05,-2.89,0
sh,603308,应流股份,专用设备,0.02,54.48,0.02,34.79,54.82,0.41
sz,300148,天舟文化,传媒,0.02,39.12,0.04,37.6,2.92,0
sh,600226,瀚叶股份,农用化工,0.02,104.83,0.02,87.88,16.56,0.68
sz,000155,川能动力,工业贸易经销商,0.02,53.98,0.05,45.72,15.28,0
sz,300359,全通教育,计算机软件,0.02,38.5,0.02,37.03,1.88,0
sz,002275,桂林三金,中药,0.02,82.33,0.04,75.55,10.06,2.55
sh,601163,三角轮胎,汽车零配件与设备,0.02,109.68,0.02,89.12,22.24,1.49
sh,600794,保税科技,交通基本设施,0.02,53.09,0.01,31.39,63.27,0.28
sh,600135,乐凯胶片,休闲设备与用品,0.02,28.27,0.01,21,29.33,0.17
sh,600880,博瑞传播,传媒,0.02,41.77,0.03,40.56,0.54,0
sh,603979,金诚信,建筑与工程,0.02,51.57,0.01,43.82,14.6,0.88
sz,000665,湖北广电,传媒,0.02,56.17,0.03,45.55,10.27,0.77
sz,002479,富春环保,复合型公用事业,0.02,73.58,0.14,38.71,92.59,0.61
sz,002284,亚太股份,汽车零配件与设备,0.02,38.58,0.1,31.35,19.29,0
sh,601116,三江购物,食品与主要用品零售,0.02,81.06,0.03,58.99,38.91,1.36
sz,300332,天壕环境,燃气公用事业,0.02,39.79,0.02,32.48,19.81,0.45
sh,600651,飞乐音响,家用电器,0.02,40.1,0.02,31.94,23.53,0.43
sz,300314,戴维医疗,医疗保健设备与用品,0.02,25.69,0.02,24.05,5.46,1.03
sz,002287,奇正藏药,中药,0.02,115.29,0.04,101.58,12.73,1.47
sh,600375,华菱星马,专用设备,0.02,28.84,0.01,19.56,41.76,0
sz,002094,青岛金王,个人用品,0.02,36.15,0.03,33.73,4.52,0
sz,300438,鹏辉能源,电气部件与设备,0.02,50.66,0.09,45.43,8.08,0.35
sz,002501,*ST利源,有色金属,0.02,16.28,0.04,34.38,-50.18,0
sh,601258,*ST庞大,专营零售,0.02,68.75,0.03,93.45,-30,0
sz,000673,当代东方,传媒,0.02,25.57,0.22,37.12,-33.69,0
sz,000903,云内动力,通用机械,0.01,52.82,0.04,47.3,10.93,1.72
sz,002428,云南锗业,有色金属,0.01,61,0.07,32.66,79,0
sh,601199,江南水务,水公用事业,0.01,36.57,0.03,33.29,9.75,1.82
sh,603168,莎普爱思,化学制剂,0.01,27.42,0.1,22.1,21.02,0
sh,600257,大湖股份,农牧渔产品,0.01,21.56,0.01,20.12,5.02,0
sz,002588,史丹利,农用化工,0.01,49.75,0.1,45,7.4,0.48
sz,300147,香雪制药,中药,0.01,44.12,0.01,40.61,6.13,0.52
sz,002427,*ST尤夫,合成纤维,0.01,47.78,0.02,54.23,-11.09,0
sh,603555,贵人鸟,服装与配饰,0.01,29.54,0.02,36.27,-21.84,0
sh,600397,安源煤业,煤炭,0.01,24.85,0.01,21.58,17.43,0
sh,600290,华仪电气,电气部件与设备,0.01,34.65,0.01,35.26,-5.6,0
sz,002467,二六三,电信增值服务,0.01,85.96,0.01,40.23,106.42,0.97
sz,002361,神剑股份,化学制品,0.01,38.53,0.01,30.49,25.5,2.24
sz,002073,软控股份,专用设备,0.01,61.27,0.13,42.31,40.84,0
sh,600976,健民集团,中药,0.01,26.77,0.01,21.91,21.3,1.17
sh,600995,文山电力,电力公用事业,0.01,36.75,0.01,31.63,16.68,2.66
sz,000836,富通鑫茂,通信设备,0.01,48.7,0.11,47.01,1.03,0
sh,600096,云天化,农用化工,0.01,80.38,0.01,66.2,9.18,0
sh,600802,福建水泥,建筑材料,0.01,29.9,0.01,28.11,3.8,0.43
sh,603080,新疆火炬,燃气公用事业,0.01,25.44,0.01,29.49,-5.09,0
sz,300153,科泰电源,电气部件与设备,0.01,22.14,0.01,23.01,-5.89,0.74
sz,002247,聚力文化,互联网软件与服务,0.01,27.74,0.01,39.65,-32.62,2.23
sh,600614,*ST鹏起,有色金属,0.01,22.08,0.4,62.92,-64.35,0
sh,600981,汇鸿集团,消费品经销商,0.01,90.82,0.02,83.87,8.65,4.22
sz,002345,潮宏基,服装与配饰,0.01,40.83,0.32,40.47,-3.13,0
sh,603239,浙江仙通,汽车零配件与设备,0.01,26.69,0.02,28.18,-3.15,3.07
,,,,,,,,,
数据来源于：理杏仁网站(lixinger.com),,,,,,,,,